pesticide,crop
(Streptomycin Sulphate 9% + Tetracycline Hydrochloride 1%) SP,Apple
(Streptomycin Sulphate 9% + Tetracycline Hydrochloride 1%) SP,Beans
(Streptomycin Sulphate 9% + Tetracycline Hydrochloride 1%) SP,Blackleg and soft
(Streptomycin Sulphate 9% + Tetracycline Hydrochloride 1%) SP,Citrus
(Streptomycin Sulphate 9% + Tetracycline Hydrochloride 1%) SP,Disease of potato
(Streptomycin Sulphate 9% + Tetracycline Hydrochloride 1%) SP,Paddy (Rice)
(Streptomycin Sulphate 9% + Tetracycline Hydrochloride 1%) SP,Tea
(Streptomycin Sulphate 9% + Tetracycline Hydrochloride 1%) SP,Tobacco
(Streptomycin Sulphate 9% + Tetracycline Hydrochloride 1%) SP,Tomato/Chilli
(Streptomycin Sulphate 9% + Tetracycline Hydrochloride 1%) SP,brown wilt or ring
(Streptomycin Sulphate 9% + Tetracycline Hydrochloride 1%) SP,es
(Streptomycin Sulphate 9% + Tetracycline Hydrochloride 1%) SP,or The bangle
(Streptomycin Sulphate 9% + Tetracycline Hydrochloride 1%) SP,"rot, bacterial"
(Streptomycin Sulphate 90% + Tetracycline Hydrochloride 10%) SP,Apple
(Streptomycin Sulphate 90% + Tetracycline Hydrochloride 10%) SP,Beans
(Streptomycin Sulphate 90% + Tetracycline Hydrochloride 10%) SP,Paddy (Rice)
(Streptomycin Sulphate 90% + Tetracycline Hydrochloride 10%) SP,Potato
(Streptomycin Sulphate 90% + Tetracycline Hydrochloride 10%) SP,Tea
(Streptomycin Sulphate 90% + Tetracycline Hydrochloride 10%) SP,Tobacco
(Streptomycin Sulphate 90% + Tetracycline Hydrochloride 10%) SP,Tomato
"2,4-D Sodium Salt 48% + Metribuzin 32% + Chlorimuron ethyl 0.85% WDG",Sugarcane
"2,4-D Sodium Salt 50% (w/w) + Metribuzin 15% (w/w) WP",Wheat
"2,4-D sodium salt 44% + Metribuzin 35% + Pyrazosulfuron ethyl 1.0% WDG",Sugarcane
Abamectin 01.90 % EC,Apple
Abamectin 01.90 % EC,Grapes
Abamectin 01.90 % EC,Rose (Ornamental)
Abamectin 01.90 % EC,Tomato
Acephate 50 % + Bifenthrin 10 % WDG,Cotton
Acephate 50 % + Fipronil 5% WDG,Paddy
Acephate 50 % + Imidacloprid 01.80 % SP,Chilli
Acephate 50 % + Imidacloprid 01.80 % SP,Cotton
Acephate 50 % + Imidacloprid 01.80 % SP,Paddy (Rice)
Acephate 50 % + Imidacloprid 01.80 % SP,Sugarcane
Acephate 50 % + Imidacloprid 5 % WG,Cotton
Acephate 75 % SP,Cotton
Acephate 75 % SP,Rice (Paddy)
Acephate 75 % SP,Rose
Acephate 75 % SP,Safflower
Acephate 95 % SG,Cardamom
Acephate 95 % SG,Chilli
Acephate 95 % SG,Cotton
Acephate 95 % SG,Paddy (Rice)
Acephate 95 % SG,Rice (Paddy)
Acephate 97 % DF,Cotton
Acephate 97 % DF,Paddy (Rice)
Acephate 97 % DF,Rice (Paddy)
Acequinocyl 15% w/v SC,Rose
Acequinocyl 15% w/v SC,Tomato
Acetamiprid 00.40 % + Chlorpyriphos 20 % EC,Paddy (Rice)
Acetamiprid 01.10 % + Cypermethrin 05.50 % EC,Cotton
Acetamiprid 19.50 % + Chlorantraniliprole 19.50% w/w FS,Maize
Acetamiprid 19.50 % + Chlorantraniliprole 19.50% w/w FS,Tomato
Acetamiprid 20 % SP,Cabbage
Acetamiprid 20 % SP,Cardamom
Acetamiprid 20 % SP,Chilli
Acetamiprid 20 % SP,Cotton
Acetamiprid 20 % SP,Okra (Bhindi)
Acetamiprid 20 % SP,Rice (Paddy)
Acetamiprid 20% + Chlorantraniliprole 20% WG,Cabbage
Acetamiprid 20% + Chlorantraniliprole 20% WG,Cotton
Acetamiprid 20% + Chlorantraniliprole 20% WG,Tomato
Acetamiprid 25% + Bifenthrin 25 % WG,Cotton
Acetamiprid 25% + Bifenthrin 25 % WG,Rice (Paddy)
Acetamiprid 25% + Bifenthrin 25 % WG,Soybean
Aclonifen 36.89 % w/w + Diflufenican 6.15% w/w + Pyroxasulfone 4.10 % w/w SC,Rice
Aclonifen 36.89 % w/w + Diflufenican 6.15% w/w + Pyroxasulfone 4.10 % w/w SC,Transplanted
Aclonifen 36.89 % w/w + Diflufenican 6.15% w/w + Pyroxasulfone 4.10 % w/w SC,Wheat
Aclonifen 40.65 %w/w + Diflufenican 8.13% w/w SC,Wheat
Acynonapyr 18.19 % w/w SC,Brinjal
Acynonapyr 18.19 % w/w SC,Cotton
Acynonapyr 18.19 % w/w SC,Cucumber
Acynonapyr 18.19 % w/w SC,Tea
Allethrin 00.20 % Coil Adult Mosquitoes,Ready to use household insecticide
Allethrin 00.50 % Coil,Ready to use household insecticides
Allethrin 00.50 % Coil Adult Mosquitoes,Ready to use household insecticide
Allethrin 00.50 % Mosquito Coil,Ready to use household insecticides
Allethrin 04 % Mat Adult Mosquitoes,"(houses, commercial establishments, etc.,)"
Allethrin 04 % Mat Adult Mosquitoes,American Cockroach (Periplaneta
Allethrin 04 % Mat Adult Mosquitoes,Bed bug (Cimex hemipterus) in house hold
Allethrin 04 % Mat Adult Mosquitoes,Ready to use household insecticide
Allethrin 04 % Mat Adult Mosquitoes,"americana) , German Cockroach (Blattella"
Allethrin 04 % Mat Adult Mosquitoes,"germanica), Housefly (Musa domestica),"
Alphacypermethrin 0.1 % w/w (RTU),"Cockroaches, Adult mosquitoes, Adult"
Alphacypermethrin 0.1 % w/w (RTU),areas.
Alphacypermethrin 0.1 % w/w (RTU),houseflies
Alphacypermethrin 00.50 % Chalk,Ready to use household insecticides
Alphacypermethrin 05 % WP,-
Alphacypermethrin 05 % WP,Adult Mosquito
Alphacypermethrin 05 % WP,Pest
Alphacypermethrin 10.00% SC,Cotton
Alphacypermethrin 10.00% SC,Name of Commodity
Aluminium Phosphide 77.50 % GR,Stored Grain
Aluminium Phosphide 77.50 % GR,condition)
Aluminum Phosphide 06 % Tablet,Stored Grain
Aluminum Phosphide 06 % Tablet,area
"Aluminum Phosphide 56 % (3g Tablet, 10g Pouch)",& oilseeds (Air
"Aluminum Phosphide 56 % (3g Tablet, 10g Pouch)",(Animal & poultry
"Aluminum Phosphide 56 % (3g Tablet, 10g Pouch)",(under air tight
"Aluminum Phosphide 56 % (3g Tablet, 10g Pouch)",Cereals and Seed
"Aluminum Phosphide 56 % (3g Tablet, 10g Pouch)",Dals)
"Aluminum Phosphide 56 % (3g Tablet, 10g Pouch)","De-oiled Cakes,"
"Aluminum Phosphide 56 % (3g Tablet, 10g Pouch)","De-oiled cakes,"
"Aluminum Phosphide 56 % (3g Tablet, 10g Pouch)",Flour Suji meals
"Aluminum Phosphide 56 % (3g Tablet, 10g Pouch)",Godowns & Sheds
"Aluminum Phosphide 56 % (3g Tablet, 10g Pouch)",Grain Animal &
"Aluminum Phosphide 56 % (3g Tablet, 10g Pouch)","Grains Millet,"
"Aluminum Phosphide 56 % (3g Tablet, 10g Pouch)",Mild Products:
"Aluminum Phosphide 56 % (3g Tablet, 10g Pouch)",Milled products:
"Aluminum Phosphide 56 % (3g Tablet, 10g Pouch)","Millets, pulses, dry"
"Aluminum Phosphide 56 % (3g Tablet, 10g Pouch)",Name of Commodity
"Aluminum Phosphide 56 % (3g Tablet, 10g Pouch)",Nuts Spices & Oil
"Aluminum Phosphide 56 % (3g Tablet, 10g Pouch)",Other processed
"Aluminum Phosphide 56 % (3g Tablet, 10g Pouch)",Poultry Food Split
"Aluminum Phosphide 56 % (3g Tablet, 10g Pouch)",Pulses (Dal) &
"Aluminum Phosphide 56 % (3g Tablet, 10g Pouch)","Pulses Dry Fruits,"
"Aluminum Phosphide 56 % (3g Tablet, 10g Pouch)","Rice Bran Flour,"
"Aluminum Phosphide 56 % (3g Tablet, 10g Pouch)",Rice bran
"Aluminum Phosphide 56 % (3g Tablet, 10g Pouch)",Seeds
"Aluminum Phosphide 56 % (3g Tablet, 10g Pouch)",Stored Whole
"Aluminum Phosphide 56 % (3g Tablet, 10g Pouch)",Stored whole
"Aluminum Phosphide 56 % (3g Tablet, 10g Pouch)",and Crushed grain
"Aluminum Phosphide 56 % (3g Tablet, 10g Pouch)",cereals and seed
"Aluminum Phosphide 56 % (3g Tablet, 10g Pouch)",condition)
"Aluminum Phosphide 56 % (3g Tablet, 10g Pouch)","feed), Split Pulses"
"Aluminum Phosphide 56 % (3g Tablet, 10g Pouch)",food and Empty
"Aluminum Phosphide 56 % (3g Tablet, 10g Pouch)","fruits, nuts, spices"
"Aluminum Phosphide 56 % (3g Tablet, 10g Pouch)",godowns)
"Aluminum Phosphide 56 % (3g Tablet, 10g Pouch)",grains.
"Aluminum Phosphide 56 % (3g Tablet, 10g Pouch)",other Processed
"Aluminum Phosphide 56 % (3g Tablet, 10g Pouch)",tight cover or
Ametoctradin 27%+ Dimethomorph 20.27% w/w SC,Cucumber
Ametoctradin 27%+ Dimethomorph 20.27% w/w SC,Grape
Ametoctradin 27%+ Dimethomorph 20.27% w/w SC,Groundnut
Ametoctradin 27%+ Dimethomorph 20.27% w/w SC,Potato
Ametoctradin 27%+ Dimethomorph 20.27% w/w SC,Soybean
Ametoctradin 27%+ Dimethomorph 20.27% w/w SC,Tomato
Ametryn 73.1% w/w + Trifloxysulfuron sodium 1.8% w/w WG,Sugarcane
Ametryn 80% WG,Sugarcane
Amisulbrom 20% SC,Potato
Anilofos 18% EC,Paddy
Anilofos 18% EC,Transplanted
Anilofos 18% EC,Transplanted rice
Anilofos 30% EC,Transplanted
Anilofos 30% EC,paddy
Aureofungin 46.15% w/v SP,Apple
Aureofungin 46.15% w/v SP,Citrus
Aureofungin 46.15% w/v SP,Grapes
Aureofungin 46.15% w/v SP,Paddy(Rice)
Aureofungin 46.15% w/v SP,Potato
Azoxystrobin 1.3% + Tebuconazole 0.22% + Thiamethoxam 25.9% FS,Okra (seed
Azoxystrobin 1.3% + Tebuconazole 0.22% + Thiamethoxam 25.9% FS,treatment)
Azoxystrobin 10.0% + Fipronil 5% SC,Chilli
Azoxystrobin 10.0% + Fipronil 5% SC,Cotton
Azoxystrobin 10.0% + Fipronil 5% SC,Rice
Azoxystrobin 11.5% + Mancozeb 30% WP,Apple
Azoxystrobin 11.5% + Mancozeb 30% WP,Chilli
Azoxystrobin 11.5% + Mancozeb 30% WP,Cucumber
Azoxystrobin 11.5% + Mancozeb 30% WP,Grape
Azoxystrobin 11.5% + Mancozeb 30% WP,Grapes
Azoxystrobin 11.5% + Mancozeb 30% WP,Onion
Azoxystrobin 11.5% + Mancozeb 30% WP,Paddy
Azoxystrobin 11.5% + Mancozeb 30% WP,Potato
Azoxystrobin 11.5% + Mancozeb 30% WP,Rice
Azoxystrobin 11.5% + Mancozeb 30% WP,Rice (Paddy)
Azoxystrobin 11.5% + Mancozeb 30% WP,Tomato
Azoxystrobin 11.5% + Mancozeb 30% WP,Wheat
Azoxystrobin 14 %  + Epoxiconazole 9 %  SC,Onion
Azoxystrobin 14 %  + Epoxiconazole 9 %  SC,Paddy
Azoxystrobin 14 %  + Epoxiconazole 9 %  SC,Pomegranate
Azoxystrobin 14 %  + Epoxiconazole 9 %  SC,Potato
Azoxystrobin 14 %  + Epoxiconazole 9 %  SC,Rice
Azoxystrobin 14 %  + Epoxiconazole 9 %  SC,Soybean
Azoxystrobin 14 %  + Epoxiconazole 9 %  SC,Tomato
Azoxystrobin 18.2% + Difenoconazole 11.4% w/w SC,Black gram
Azoxystrobin 18.2% + Difenoconazole 11.4% w/w SC,Chilli
Azoxystrobin 18.2% + Difenoconazole 11.4% w/w SC,Coffee
Azoxystrobin 18.2% + Difenoconazole 11.4% w/w SC,Cotton
Azoxystrobin 18.2% + Difenoconazole 11.4% w/w SC,Ground nut
Azoxystrobin 18.2% + Difenoconazole 11.4% w/w SC,Maize
Azoxystrobin 18.2% + Difenoconazole 11.4% w/w SC,Onion
Azoxystrobin 18.2% + Difenoconazole 11.4% w/w SC,Paddy (Rice)
Azoxystrobin 18.2% + Difenoconazole 11.4% w/w SC,Soybean
Azoxystrobin 18.2% + Difenoconazole 11.4% w/w SC,Sugarcane
Azoxystrobin 18.2% + Difenoconazole 11.4% w/w SC,Tomato
Azoxystrobin 18.2% + Difenoconazole 11.4% w/w SC,Turmeric
Azoxystrobin 18.2% + Difenoconazole 11.4% w/w SC,Wheat
Azoxystrobin 18.2% + Difenoconazole 11.4% w/w SC,anana
Azoxystrobin 18.75% + Tricyclazole 37.5% WG,Black Gram
Azoxystrobin 18.75% + Tricyclazole 37.5% WG,Chilli
Azoxystrobin 18.75% + Tricyclazole 37.5% WG,Rice
Azoxystrobin 20% + Thifluzamide 15% w/v SC,Rice
Azoxystrobin 20% + Thifluzamide 15% w/v SC,Soybean
Azoxystrobin 25% + Boscalid 35% WG,Banana
Azoxystrobin 25% + Boscalid 35% WG,Black gram
Azoxystrobin 25% + Boscalid 35% WG,Chilli
Azoxystrobin 25% + Boscalid 35% WG,Cotton
Azoxystrobin 25% + Boscalid 35% WG,Grapes
Azoxystrobin 25% + Boscalid 35% WG,Groundnut
Azoxystrobin 25% + Boscalid 35% WG,Rice
Azoxystrobin 25% + Boscalid 35% WG,Soybean
Azoxystrobin 25% + Boscalid 35% WG,Tomato
Barium Carbonate 1% P,"Godowns, Residential"
Barium Carbonate 1% P,"Premises, Public halls"
Barium Carbonate 1% P,area
Benalaxyl 8% + Mancozeb 65% WP,Cucumber
Benfuracarb 03 % GR,Rice (Paddy)
Bensulfuron Methyl 60% DF,DAT)
Bensulfuron Methyl 60% DF,Pre-emergence
Bensulfuron Methyl 60% DF,Transplanted Rice
Bensulfuron Methyl 60% DF,Transplated Rice
Bentazone 480 g/l SL,(Transplanted)
Bentazone 480 g/l SL,Rice
Bentazone 480 g/l SL,Rice (Direct
Bentazone 480 g/l SL,Rice (Nursery)
Bentazone 480 g/l SL,Soybean
Bentazone 480 g/l SL,Transplanted
Bentazone 480 g/l SL,Transplanted rice
Bentazone 480 g/l SL,leaf stage of
Bentazone 480 g/l SL,seeded)
Bentazone 480 g/l SL,weeds)
Benzoate 00.10 % w/w Gel,(Periplaneta
Benzoate 00.10 % w/w Gel,American
Benzoate 00.10 % w/w Gel,Cockroach
Benzoate 00.10 % w/w Gel,Insect/Pest
Benzoate 00.10 % w/w Gel,Name of
Benzoate 00.10 % w/w Gel,americana)
Benzpyrimoxan 10% + Pymetrozine 20% WG,Rice
Benzpyrimoxan 10% + Pymetrozine 20% WG,treatment)
Benzpyrimoxan 10% + Thiamethoxam 3.3% SC,Rice
Benzpyrimoxan 15% + Fipronil 10% SC,Rice
Beta-cyfluthrin 02.45 % SC,Cotton
Beta-cyfluthrin 08.49 % + Imidacloprid 19.81 % w/w OD,Brinjal
Beta-cyfluthrin 08.49 % + Imidacloprid 19.81 % w/w OD,Cashew
Beta-cyfluthrin 08.49 % + Imidacloprid 19.81 % w/w OD,Chilli
Beta-cyfluthrin 08.49 % + Imidacloprid 19.81 % w/w OD,Cotton
Beta-cyfluthrin 08.49 % + Imidacloprid 19.81 % w/w OD,Cucumber
Beta-cyfluthrin 08.49 % + Imidacloprid 19.81 % w/w OD,Soybean
Beta-cyfluthrin 08.49 % + Imidacloprid 19.81 % w/w OD,Tea
Beta-cyfluthrin 08.49 % + Imidacloprid 19.81 % w/w OD,Wheat
Bifenthrin 03 % + Chlorpyriphos 30 % w/w EC,Paddy (Rice)
Bifenthrin 10 % EC,Cotton
Bifenthrin 10 % EC,Rice (Paddy)
Bifenthrin 10 % EC,Sugarcane
Bifenthrin 25% + Thiamethoxam 25% WG,Chilli
Bifenthrin 25% + Thiamethoxam 25% WG,Cotton
Bifenthrin 25% + Thiamethoxam 25% WG,Soybean
Bifenthrin 32 % + Chlorantraniliprole 12% WG,Soybean
Bifenthrin 32 % + Chlorantraniliprole 12% WG,Sugarcane
Bifenthrin 8% + Clothianidin 10% SC,Cotton
Bifenthrin 8% + Clothianidin 10% SC,Ground nut
Bifenthrin 8% + Clothianidin 10% SC,Paddy (Rice)
Bifenthrin 8% + Clothianidin 10% SC,Sugarcane
Bispyribac Sodium 0.25% + Penoxsulam 0.25% + Pyrazosulfuron Ethyl 0.20% GR,Transplanted rice
Bispyribac Sodium 20% + Pyrazosulfuron Ethyl 15% WDG,Rice
Bispyribac Sodium 38% + Chlorimuron ethyl 2.5%+ Metsulfuron Methyl 2.5% (w/w) WG,(Transplanted)
Bispyribac Sodium 38% + Chlorimuron ethyl 2.5%+ Metsulfuron Methyl 2.5% (w/w) WG,Rice
Bispyribac Sodium 38% + Chlorimuron ethyl 2.5%+ Metsulfuron Methyl 2.5% (w/w) WG,Rice (Direct
Bispyribac Sodium 38% + Chlorimuron ethyl 2.5%+ Metsulfuron Methyl 2.5% (w/w) WG,Seeded)
Bispyribac Sodium 7.6 % + Fenoxaprop-p-ethyl 11.4 % w/w WG,Rice
Bispyribac Sodium 7.6 % + Fenoxaprop-p-ethyl 11.4 % w/w WG,Transplanted
Bispyribac Sodium 9.5% + Penoxsulam 7.8% w/v SC,(Transplanted
Bispyribac Sodium 9.5% + Penoxsulam 7.8% w/v SC,Paddy
Bispyribac Sodium 9.5% + Penoxsulam 7.8% w/v SC,rice)
"Bispyribac sodium 2% + 2,4-D sodium salt 54.3% w/w SP",Direct Seeded
"Bispyribac sodium 2% + 2,4-D sodium salt 54.3% w/w SP",Rice
"Bispyribac sodium 2% + 2,4-D sodium salt 54.3% w/w SP",Transplanted
Bispyribac-Sodium 15% + Metsulfuron-methyl 2.4% + Chlorimuron ethyl 3.6% OD,Rice
Bispyribac-Sodium 15% + Metsulfuron-methyl 2.4% + Chlorimuron ethyl 3.6% OD,Transplanted
Bixlozone 4% GR,(transplanted)
Bixlozone 4% GR,Rice
Bixlozone 4% GR,Soybean
Bixlozone 4% GR,Transplanted
Bixlozone 50% + Metribuzin 10% WG,Wheat
Boscalid 25.2%+Pyraclostrobin12.8%WG,(Seed
Boscalid 25.2%+Pyraclostrobin12.8%WG,Apple
Boscalid 25.2%+Pyraclostrobin12.8%WG,Bengal
Boscalid 25.2%+Pyraclostrobin12.8%WG,Black gram
Boscalid 25.2%+Pyraclostrobin12.8%WG,Chilli
Boscalid 25.2%+Pyraclostrobin12.8%WG,Cotton
Boscalid 25.2%+Pyraclostrobin12.8%WG,Cumin
Boscalid 25.2%+Pyraclostrobin12.8%WG,Grape
Boscalid 25.2%+Pyraclostrobin12.8%WG,Groundnut
Boscalid 25.2%+Pyraclostrobin12.8%WG,Maize
Boscalid 25.2%+Pyraclostrobin12.8%WG,Mango
Boscalid 25.2%+Pyraclostrobin12.8%WG,Onion
Boscalid 25.2%+Pyraclostrobin12.8%WG,Paddy (Rice)
Boscalid 25.2%+Pyraclostrobin12.8%WG,Pea
Boscalid 25.2%+Pyraclostrobin12.8%WG,Pigeon pea
Boscalid 25.2%+Pyraclostrobin12.8%WG,Pomegranate
Boscalid 25.2%+Pyraclostrobin12.8%WG,Potato
Boscalid 25.2%+Pyraclostrobin12.8%WG,Rice
Boscalid 25.2%+Pyraclostrobin12.8%WG,Soybean
Boscalid 25.2%+Pyraclostrobin12.8%WG,Tea
Boscalid 25.2%+Pyraclostrobin12.8%WG,Tomato
Boscalid 25.2%+Pyraclostrobin12.8%WG,Treatment)
Boscalid 25.2%+Pyraclostrobin12.8%WG,Wheat
Boscalid 25.2%+Pyraclostrobin12.8%WG,gram
Brodifacoum 0.005 %w/w BB,(Bandoicota bengalensis; B.
Brodifacoum 0.005 %w/w BB,Field rats/Bandicootrats
Brodifacoum 0.005 %w/w BB,Indian house rat/black rat/roof
Brodifacoum 0.005 %w/w BB,Pest
Brodifacoum 0.005 %w/w BB,"indica) Indian houserat / Black,"
Brodifacoum 0.005 %w/w BB,"rat (Rattus rattus; R. meltade),"
Broflanilide 20% SC,Brinjal
Broflanilide 20% SC,Cabbage
Broflanilide 20% SC,Chilli
Broflanilide 20% SC,Cotton
Broflanilide 20% SC,Maize
Broflanilide 20% SC,Okra
Broflanilide 20% SC,Pomegranate
Broflanilide 20% SC,Soybean
Broflanilide 20% SC,Tomato
Broflanilide 300 g/l SC,Brinjal
Broflanilide 300 g/l SC,Chilli
Broflanilide 300 g/l SC,Red gram
Broflanilide 300 g/l SC,Soybean
Broflanilide 300 g/l SC,Tomato
Broflanilide 300 g/l SC,"rat (Rattus rattus; R. meltade),"
Bromadiolone 00.005 % RB,Coconut/ Bamboo
Bromadiolone 00.005 % RB,Gram
Bromadiolone 00.005 % RB,"Groundnut,Sugarcane"
Bromadiolone 00.005 % RB,Paddy (Rice)
Bromadiolone 00.005 % RB,Poultry Farm
Bromadiolone 00.005 % RB,Residentialpremises
Bromadiolone 00.005 % RB,Wheat
Bromadiolone 00.25 % CB,"Groundnut,"
Bromadiolone 00.25 % CB,Paddy (Rice)
Bromadiolone 00.25 % CB,Poultry Farm
Bromadiolone 00.25 % CB,Sugarcane
Bromadiolone 00.25 % CB,"Wheat , Gram"
Buprofezin 20 % + Acetamiprid 2% w/w WP,Rice
Buprofezin 22. 0% + Fipronil 3 % SC,Cotton
Buprofezin 22. 0% + Fipronil 3 % SC,Rice (Paddy)
Buprofezin 23.10 % + Fipronil 3.85 % w/w SC,Cotton
Buprofezin 23.10 % + Fipronil 3.85 % w/w SC,Rice
Buprofezin 25 % SC,Chilies
Buprofezin 25 % SC,Cotton
Buprofezin 25 % SC,Grapes
Buprofezin 25 % SC,Mango
Buprofezin 25 % SC,Poultry Farm
Buprofezin 25 % SC,Rice
Buprofezin 70 % DF,Bamboo
Buprofezin 70 % DF,Coconut/
Buprofezin 70 % DF,Cotton
Buprofezin 70 % DF,Okra (Bhindi)
Buprofezin 70 % DF,Poultry Farm
Buprofezin 70 % DF,Residential
Buprofezin 70 % DF,Rice
Buprofezin 70 % DF,premises
CARTAP HYDROCHLORIDE 7.5% + CHLORANTRANILIPROLE 0.4 % GR,Paddy
CARTAP HYDROCHLORIDE 7.5% + CHLORANTRANILIPROLE 0.4 % GR,Rice
CHLORANTRANILIPROLE 0.53% w/w GR,Maize
CHLORANTRANILIPROLE 0.53% w/w GR,Rice
CHLORANTRANILIPROLE 47.85 % w/w SC,Brinjal
CHLORANTRANILIPROLE 47.85 % w/w SC,Cabbage
CHLORANTRANILIPROLE 47.85 % w/w SC,Chickpea
CHLORANTRANILIPROLE 47.85 % w/w SC,Chili
CHLORANTRANILIPROLE 47.85 % w/w SC,Chilli
CHLORANTRANILIPROLE 47.85 % w/w SC,Cotton
CHLORANTRANILIPROLE 47.85 % w/w SC,Green gram
CHLORANTRANILIPROLE 47.85 % w/w SC,Groundnut
CHLORANTRANILIPROLE 47.85 % w/w SC,Maize
CHLORANTRANILIPROLE 47.85 % w/w SC,Red gram
CHLORANTRANILIPROLE 47.85 % w/w SC,Rice
CHLORANTRANILIPROLE 47.85 % w/w SC,Soybean
CHLORANTRANILIPROLE 47.85 % w/w SC,Sugarcane
CHLORANTRANILIPROLE 47.85 % w/w SC,Tomato
CHLORANTRANILIPROLE 5.2% + NOVALURON 8.5% SC,Chickpea
CHLORANTRANILIPROLE 5.2% + NOVALURON 8.5% SC,Chilli
CHLORANTRANILIPROLE 5.2% + NOVALURON 8.5% SC,Maize
CHLORANTRANILIPROLE 5.2% + NOVALURON 8.5% SC,Paddy
CHLORANTRANILIPROLE 5.2% + NOVALURON 8.5% SC,Tomato
CYANTRANILIPROLE 18.41% w/w SC,Capsicum
CYANTRANILIPROLE 18.41% w/w SC,Chilli
CYANTRANILIPROLE 18.41% w/w SC,Citrus
CYANTRANILIPROLE 18.41% w/w SC,Cucumber
CYANTRANILIPROLE 18.41% w/w SC,Tomato
CYANTRANILIPROLE 18.41% w/w SC,Watermelon
CYANTRANILIPROLE 19.8%w/w + THIAMETHOXAM 19.8%w/w FS,Cotton
CYANTRANILIPROLE 19.8%w/w + THIAMETHOXAM 19.8%w/w FS,Maize
Captan 50% WP,Apple
Captan 50% WP,Cherry
Captan 50% WP,Grapes
Captan 50% WP,Potato
Captan 50% WP,Tomato
Captan 75% WP,Apple*
Captan 75% WP,"Beans,"
Captan 75% WP,"Brinjal,"
Captan 75% WP,Cabbage/
Captan 75% WP,"Cauliflower,"
Captan 75% WP,Cherry
Captan 75% WP,Chillies
Captan 75% WP,"Chillies,"
Captan 75% WP,Grape
Captan 75% WP,Ornamental
Captan 75% WP,Paddy(Rice)
Captan 75% WP,Potato
Captan 75% WP,Tomato
Captan 75% WP,"Tomato,"
Captan 75% WS,Cabbage
Captan 75% WS,Chillies (soil
Captan 75% WS,Tomato
Captan 75% WS,drench)
Carbendazim 46.27% SC,Grape
Carbendazim 46.27% SC,Mango
Carbendazim 5% GR,Paddy (Rice)
Carbendazim 50%WP,Apples
Carbendazim 50%WP,Ber
Carbendazim 50%WP,Brinjal
Carbendazim 50%WP,Chillies
Carbendazim 50%WP,Cluster Beans
Carbendazim 50%WP,Cow Pea
Carbendazim 50%WP,Cucurbits
Carbendazim 50%WP,Grapes
Carbendazim 50%WP,Mango
Carbendazim 50%WP,Moong
Carbendazim 50%WP,Peas
Carbendazim 50%WP,Tobacco
Carbofuran 03 % CG,Apple
Carbofuran 03 % CG,Bajra
Carbofuran 03 % CG,Banana
Carbofuran 03 % CG,Barley
Carbofuran 03 % CG,Bhindi (Okra)
Carbofuran 03 % CG,Brinjal
Carbofuran 03 % CG,Cabbage
Carbofuran 03 % CG,Chilli
Carbofuran 03 % CG,Citrus
Carbofuran 03 % CG,French bean
Carbofuran 03 % CG,Groundnut
Carbofuran 03 % CG,Jute
Carbofuran 03 % CG,Maize
Carbofuran 03 % CG,Mandarins
Carbofuran 03 % CG,Mustard
Carbofuran 03 % CG,Paddy (Rice)
Carbofuran 03 % CG,Pea
Carbofuran 03 % CG,Peach
Carbofuran 03 % CG,Potato
Carbofuran 03 % CG,Rice
Carbofuran 03 % CG,Sorghum
Carbofuran 03 % CG,Soybean
Carbofuran 03 % CG,Sugarcane
Carbofuran 03 % CG,Tea
Carbofuran 03 % CG,Tomato
Carbofuran 03 % CG,Wheat
Carbosulfan 06 % Granules,Rice (Paddy)
Carbosulfan 06 % Granules,Tea
Carbosulfan 25 % DS,Cotton
Carbosulfan 25% EC,Brinjal
Carbosulfan 25% EC,Chilli
Carbosulfan 25% EC,Cotton
Carbosulfan 25% EC,Cumin
Carbosulfan 25% EC,Rice (Paddy)
Carboxin 75% WP,Barley
Carboxin 75% WP,Cotton
Carboxin 75% WP,Tobacco
Carfentrazone ethyl 0.43% + Glyphosate 30.82% EW,Non-cropped
Carfentrazone ethyl 0.43% + Glyphosate 30.82% EW,Tea
Carfentrazone ethyl 0.43% + Glyphosate 30.82% EW,area
Carfentrazone ethyl 20% + Sulfosulfuron 25% WG,Wheat
Carpropamid 27.8% SC,Rice (Paddy)
Cartap Hydrochloride 04 % Granules,Cotton
Cartap Hydrochloride 04 % Granules,Rice (Paddy)
Cartap Hydrochloride 50 % + Buprofezin 10 % w/w WP,Rice
Cartap Hydrochloride 50 % SP,Rice (Paddy)
Cartap Hydrochloride 7.5 % w/w + Emamectin benzoate 0.25 %w/w GR,Chilli
Cartap Hydrochloride 7.5 % w/w + Emamectin benzoate 0.25 %w/w GR,Paddy (Rice)
Cartap Hydrochloride 7.5 % w/w + Emamectin benzoate 0.25 %w/w GR,Rice
Cartap Hydrochloride 7.5 % w/w + Emamectin benzoate 0.25 %w/w GR,Soybean
Cartap Hydrochloride 7.5 % w/w + Emamectin benzoate 0.25 %w/w GR,Sugarcane
Cartap Hydrochloride 7.5 % w/w + Emamectin benzoate 0.25 %w/w GR,Tomato
Cartap Hydrochloride 75 % SG,Rice
Chlorantraniliprole 0.45% + Fipronil 0.50% + Emamectin Benzoate 0.18% GR,Paddy
Chlorantraniliprole 0.45% + Fipronil 0.50% + Emamectin Benzoate 0.18% GR,Tomato
Chlorantraniliprole 0.53% w/w + Fipronil 0.8% w/w GR,Chilli
Chlorantraniliprole 0.53% w/w + Fipronil 0.8% w/w GR,Cotton
Chlorantraniliprole 0.53% w/w + Fipronil 0.8% w/w GR,Paddy
Chlorantraniliprole 0.53% w/w + Fipronil 0.8% w/w GR,Rice
Chlorantraniliprole 0.53% w/w + Fipronil 0.8% w/w GR,Sugarcane
Chlorantraniliprole 0.64% + Tebuconazole 3% + Clothianidin 1.92% GR,Paddy
Chlorantraniliprole 0.83% + Fipronil 1.33% GR,Cotton
Chlorantraniliprole 0.83% + Fipronil 1.33% GR,Paddy
Chlorantraniliprole 00.40 % GR,Maize
Chlorantraniliprole 00.40 % GR,Rice (Paddy)
Chlorantraniliprole 00.40 % GR,Sugarcane
Chlorantraniliprole 00.50 % + Thiamethoxam 01 % w/w GR,Rice
Chlorantraniliprole 08.80 % + Thiamethoxam 17.50 % w/w SC,Brinjal
Chlorantraniliprole 08.80 % + Thiamethoxam 17.50 % w/w SC,Cabbage
Chlorantraniliprole 08.80 % + Thiamethoxam 17.50 % w/w SC,Okra
Chlorantraniliprole 08.80 % + Thiamethoxam 17.50 % w/w SC,Rice
Chlorantraniliprole 08.80 % + Thiamethoxam 17.50 % w/w SC,Rice (Paddy)
Chlorantraniliprole 08.80 % + Thiamethoxam 17.50 % w/w SC,Tomato
Chlorantraniliprole 09.30 % + Lambda-cyhalothrin 04.60 % ZC,Blackgram
Chlorantraniliprole 09.30 % + Lambda-cyhalothrin 04.60 % ZC,Brinjal
Chlorantraniliprole 09.30 % + Lambda-cyhalothrin 04.60 % ZC,Cabbage
Chlorantraniliprole 09.30 % + Lambda-cyhalothrin 04.60 % ZC,Cotton
Chlorantraniliprole 09.30 % + Lambda-cyhalothrin 04.60 % ZC,Groundnut
Chlorantraniliprole 09.30 % + Lambda-cyhalothrin 04.60 % ZC,Maize
Chlorantraniliprole 09.30 % + Lambda-cyhalothrin 04.60 % ZC,Okra
Chlorantraniliprole 09.30 % + Lambda-cyhalothrin 04.60 % ZC,Pigeon pea
Chlorantraniliprole 09.30 % + Lambda-cyhalothrin 04.60 % ZC,Pomegranate
Chlorantraniliprole 09.30 % + Lambda-cyhalothrin 04.60 % ZC,Rice
Chlorantraniliprole 09.30 % + Lambda-cyhalothrin 04.60 % ZC,Soybean
Chlorantraniliprole 10% w/w + Novaluron 20% w/w SC,Cabbage
Chlorantraniliprole 10% w/w + Novaluron 20% w/w SC,Chilli
Chlorantraniliprole 10% w/w + Novaluron 20% w/w SC,Maize
Chlorantraniliprole 18.50 % SC,Bengal gram
Chlorantraniliprole 18.50 % SC,Bitter gourd
Chlorantraniliprole 18.50 % SC,Black gram
Chlorantraniliprole 18.50 % SC,Brinjal
Chlorantraniliprole 18.50 % SC,Cabbage
Chlorantraniliprole 18.50 % SC,Chilli
Chlorantraniliprole 18.50 % SC,Cotton
Chlorantraniliprole 18.50 % SC,Green gram
Chlorantraniliprole 18.50 % SC,Groundnut
Chlorantraniliprole 18.50 % SC,Maize
Chlorantraniliprole 18.50 % SC,Okra (Bhindi)
Chlorantraniliprole 18.50 % SC,Pigeon pea
Chlorantraniliprole 18.50 % SC,Red Gram
Chlorantraniliprole 18.50 % SC,Rice
Chlorantraniliprole 18.50 % SC,Soybean
Chlorantraniliprole 18.50 % SC,Sugarcane
Chlorantraniliprole 18.50 % SC,Tomato
Chlorantraniliprole 35 % WG,Okra
Chlorantraniliprole 35 % WG,Tomato
Chlorfluazuron 05.40 % EC,Cabbage
Chlorfluazuron 05.40 % EC,Chilli
Chlorfluazuron 05.40 % EC,Cotton
Chlorfluazuron 05.40 % EC,Soybean
Chlorfluazuron 05.40 % EC,Tomato
Chlorothalonil 12.5% + Mancozeb 62.5% WG,Grape
Chlorothalonil 12.5% + Mancozeb 62.5% WG,Potato
Chlorothalonil 40.0% w/w + Difenoconazole 4.0 w/w SC,Apple
Chlorothalonil 40.0% w/w + Difenoconazole 4.0 w/w SC,Chilli
Chlorothalonil 40.0% w/w + Difenoconazole 4.0 w/w SC,Ground nut
Chlorothalonil 40.0% w/w + Difenoconazole 4.0 w/w SC,Tomato
Chlorothalonil 75% WP,Apple
Chlorothalonil 75% WP,Cauliflower
Chlorothalonil 75% WP,Chilli
Chlorothalonil 75% WP,Grapes
Chlorothalonil 75% WP,Groundnut
Chlorothalonil 75% WP,Potato
Chlorothalonil 75% WP,Watermelon
Chlorpyrifos 10 % Granules,Rice (Paddy)
Chlorpyrifos 10 % Granules,Tomato
Chlorpyrifos 19% ME,Paddy
Chlorpyrifos 20 % EC,Apple
Chlorpyrifos 20 % EC,Beans
Chlorpyrifos 20 % EC,Ber
Chlorpyrifos 20 % EC,Brinjal
Chlorpyrifos 20 % EC,Cabbage
Chlorpyrifos 20 % EC,Citrus
Chlorpyrifos 20 % EC,Cotton
Chlorpyrifos 20 % EC,Gram
Chlorpyrifos 20 % EC,Groundnut
Chlorpyrifos 20 % EC,Mustard
Chlorpyrifos 20 % EC,Okra
Chlorpyrifos 20 % EC,Onion
Chlorpyrifos 20 % EC,Paddy
Chlorpyrifos 20 % EC,Paddy (Rice)
Chlorpyrifos 20 % EC,Sugarcane
Chlorpyrifos 20 % EC,Termite control
Chlorpyrifos 20 % EC,Tobacco
Chlorpyriphos 02 % w/w EC,Ready to use household insecticides
Chlorpyriphos 16 % + Alphacypermethrin 01 % EC,Cotton
Chlorpyriphos 16 % + Alphacypermethrin 01 % EC,Maize
Chlorpyriphos 75 % w/w WG,Rice
Chlorpyriphos Methyl 40 % EC,Used to control adult mosquitoes
Cinmethylin 10% EC,Rice
Cinmethylin 10% EC,Transplanted
Clethodim 13% w/w EC (Clethodim 12% w/v EC),Cotton
Clethodim 13% w/w EC (Clethodim 12% w/v EC),Onion
Clethodim 13% w/w EC (Clethodim 12% w/v EC),Soybean
Clodinafop Propargyl 15% + Metsulfuron Methyl 1% WP,Onion
Clodinafop Propargyl 15% + Metsulfuron Methyl 1% WP,Rice
Clodinafop Propargyl 15% + Metsulfuron Methyl 1% WP,Transplanted
Clodinafop Propargyl 15% + Metsulfuron Methyl 1% WP,Wheat
Clodinafop- propargyl 15%WP,Green gram
Clodinafop- propargyl 15%WP,Soybean
Clodinafop- propargyl 15%WP,Wheat
Clodinafop-Propargyl 12.25% + Oxyfluorfen 14.7% EC,Onion
Clodinafop-propargyl 12.5% EC,Green gram
Clomazone 22.5% w/w + Metribuzin 21% w/w WP,Sugarcane
Clomazone 50% EC,Rice
Clomazone 50% EC,Soybean
Clomazone 50% EC,Sugarcane
Clomazone 50% EC,Transplanted
Clothianidin 50 % WDG,Bittergourd
Clothianidin 50 % WDG,Brinjal
Clothianidin 50 % WDG,Capsicum
Clothianidin 50 % WDG,Chilli
Clothianidin 50 % WDG,Citrus
Clothianidin 50 % WDG,Cotton
Clothianidin 50 % WDG,Cotton (Soil
Clothianidin 50 % WDG,Drench)
Clothianidin 50 % WDG,Gherkins
Clothianidin 50 % WDG,Grapes (Soil
Clothianidin 50 % WDG,Groundnut (Soil
Clothianidin 50 % WDG,Okra
Clothianidin 50 % WDG,Potato
Clothianidin 50 % WDG,Rice (Paddy)
Clothianidin 50 % WDG,Ridgegourd
Clothianidin 50 % WDG,Sugarcane (Soil
Clothianidin 50 % WDG,Tea
Clothianidin 50 % WDG,Tomato
Clothianidin 50 % WDG,Watermelon
Clothianidin 50 % WDG,drench)
Copper Hydroxide 53.8% DF,Rice (Paddy)
Copper Hydroxide 61.41% WG,Chilli
Copper Hydroxide 61.41% WG,Grapes
Copper Hydroxide 61.41% WG,Rice
Copper Hydroxide 61.41% WG,Tea
Copper Hydroxide 61.41% WG,Tomato
Copper Hydroxide 77% WP,Rice (Paddy)
Copper Hydroxide 77% WP,Tea
Copper Oxychloride 47% (w/w) + Metalaxyl 8% (w/w) WP,Apple
Copper Oxychloride 47% (w/w) + Metalaxyl 8% (w/w) WP,Citrus
Copper Oxychloride 47% (w/w) + Metalaxyl 8% (w/w) WP,Pomegranate
Copper Oxychloride 47% (w/w) + Metalaxyl 8% (w/w) WP,Potato
Copper Sulphate 2.62% SC,Black gram
Copper Sulphate 2.62% SC,Chilli
Copper Sulphate 2.62% SC,Grape
Copper Sulphate 2.62% SC,Potato
Copper Sulphate 2.62% SC,Tomato
Copper oxychloride 50% WP,Banana
Copper oxychloride 50% WP,Betel
Copper oxychloride 50% WP,Cardamom
Copper oxychloride 50% WP,Chillies
Copper oxychloride 50% WP,Citrus
Copper oxychloride 50% WP,Coconut
Copper oxychloride 50% WP,Coffee
Copper oxychloride 50% WP,Grapes
Copper oxychloride 50% WP,Potato
Copper oxychloride 50% WP,Tobacco
Copper oxychloride 50% WP,Tomato
Cyantraniliprole 48% w/w FS,Maize
Cyantraniliprole 48% w/w FS,Watermelon
Cyazofamid 34.5% SC,Grapes
Cyazofamid 34.5% SC,Potato
Cyazofamid 34.5% SC,Tomato
Cyclaniliprole 8.0 % SL,Rice
Cyclaniliprole 9.3% W/W DC (Cyclaniliprole 10.0% W/V DC),Rice
Cyclobutrifluram 38.4% w/w SC (Import only),Banana
Cyclobutrifluram 38.4% w/w SC (Import only),Cucumber
Cyclobutrifluram 38.4% w/w SC (Import only),Okra
Cyclobutrifluram 38.4% w/w SC (Import only),Tomato
Cyclobutrifluram 41.6% w/w FS,Groundnut
Cyclobutrifluram 41.6% w/w FS,Rice
Cyenopyrafen 30 % SC,Apple
Cyenopyrafen 30 % SC,Brinjal
Cyenopyrafen 30 % SC,Chilli
Cyenopyrafen 30 % SC,Rose
Cyflumetofen 20 % SC,Tea
Cyfluthrin 10 % WP,(Adult
Cyfluthrin 10 % WP,"(houses, commercial establishments, etc.,)"
Cyfluthrin 10 % WP,-
Cyfluthrin 10 % WP,For house hold use Cockroach
Cyfluthrin 10 % WP,"For household use
housefly,"
Cyfluthrin 10 % WP,Health
Cyfluthrin 10 % WP,HouseflyMosquitoes
Cyfluthrin 10 % WP,"Mosquito,"
Cyfluthrin 10 % WP,"Mosquitoes
For public health only"
Cyfluthrin 10 % WP,Mosquitoes)
Cyfluthrin 10 % WP,Programme
Cyfluthrin 10 % WP,Under Public
Cyfluthrin 10 % WP,cockroach
Cyhalofop Butyl 10% EC,Aquatic Weeds
Cyhalofop Butyl 10% EC,Maize
Cyhalofop Butyl 10% EC,Non crop area
Cyhalofop Butyl 10% EC,Non crop land
Cyhalofop Butyl 10% EC,Potato
Cyhalofop Butyl 10% EC,Rice (Direct
Cyhalofop Butyl 10% EC,Sorghum
Cyhalofop Butyl 10% EC,Sugarcane
Cyhalofop Butyl 10% EC,Wheat
Cyhalofop Butyl 10% EC,seeded)
Cymoxanil 50% WP,Grapes
Cymoxanil 8%+ Mancozeb 64% WP,Citrus
Cymoxanil 8%+ Mancozeb 64% WP,Cucumber
Cymoxanil 8%+ Mancozeb 64% WP,Grapes
Cymoxanil 8%+ Mancozeb 64% WP,Onion
Cymoxanil 8%+ Mancozeb 64% WP,Potato
Cymoxanil 8%+ Mancozeb 64% WP,Tomato
Cypermethrin 00.25% DP,Brinjal
Cypermethrin 10 % EC,Brinjal
Cypermethrin 10 % EC,Cabbage
Cypermethrin 10 % EC,Cotton
Cypermethrin 10 % EC,Okra (Bhindi)
Cypermethrin 10 % EC,Sunflower
Cypermethrin 10 % EC,Wheat
Cypermethrin 25 % EC,&Gerbera)
Cypermethrin 25 % EC,Bhindi (Okra)
Cypermethrin 25 % EC,Brinjal
Cypermethrin 25 % EC,Carnation
Cypermethrin 25 % EC,Cotton
Cypermethrin 25 % EC,Dazomet
Cypermethrin 25 % EC,Sunflower
Cyphenothrin 5 % EC,Almond
Cyphenothrin 5 % EC,"Anopheles stephensi,"
Cyphenothrin 5 % EC,Cockroaches
Cyphenothrin 5 % EC,Culex quinquefasciatus
Cyphenothrin 5 % EC,"Housefly, Adult"
Cyphenothrin 5 % EC,Khapra
Cyphenothrin 5 % EC,Lesser grain
Cyphenothrin 5 % EC,Outdoor
Cyphenothrin 5 % EC,Pest
Cyphenothrin 5 % EC,Red flour
Cyphenothrin 5 % EC,Rice weevil
Cyphenothrin 5 % EC,Thermal fogging Indoor
Cyphenothrin 5 % EC,and Aedes aegypti
Cyphenothrin 5 % EC,"beetle,"
Cyphenothrin 5 % EC,borerRice
Cyphenothrin 5 % EC,"grain beetle,"
Cyphenothrin 5 % EC,mosquitoes
Cyphenothrin 5 % EC,moth
Cyphenothrin 5 % EC,"moth, Saw"
Cyphenothrin 5 % EC,toothed
DIMPROPYRIDAZ 120 g/l SL,Brinjal
DIMPROPYRIDAZ 120 g/l SL,Chilli
DIMPROPYRIDAZ 120 g/l SL,Cotton
DIMPROPYRIDAZ 120 g/l SL,Cucumber
DIMPROPYRIDAZ 120 g/l SL,Rose
DIMPROPYRIDAZ 120 g/l SL,Tomato
Deltamethrin 01.80 % EC,Cotton
Deltamethrin 01.80 % EC,Public health
Deltamethrin 01.80 % EC,Rice (Paddy)
Deltamethrin 02.80 % EC,(Arhar/Tur)
Deltamethrin 02.80 % EC,Bhindi (Okra)
Deltamethrin 02.80 % EC,Brinjal
Deltamethrin 02.80 % EC,Chilli
Deltamethrin 02.80 % EC,Cotton
Deltamethrin 02.80 % EC,Groundnut
Deltamethrin 02.80 % EC,Mango
Deltamethrin 02.80 % EC,Red Gram
Deltamethrin 02.80 % EC,Tea
Deltamethrin 11% w/w EC,Chilli
Deltamethrin 11% w/w EC,Cotton
Deltamethrin 11% w/w EC,Okra
Deltamethrin 11% w/w EC,Onion
Deltamethrin 11% w/w EC,Rice
Deltamethrin 11% w/w EC,Rice (Paddy)
Deltamethrin 11% w/w EC,Tea
Deltamethrin 11% w/w EC,Tomato
Deltamethrin 25 % Tablet,Cotton
Deltamethrin 25% WDG,"(Aedes
aegypti,"
Deltamethrin 25% WDG,(Arhar/Tur)
Deltamethrin 25% WDG,Anopheles
Deltamethrin 25% WDG,Cockroaches
Deltamethrin 25% WDG,"Housefly
(Musca"
Deltamethrin 25% WDG,Insect Pest
Deltamethrin 25% WDG,Mosquitoes
Deltamethrin 25% WDG,Name Of
Deltamethrin 25% WDG,Potato
Deltamethrin 25% WDG,Soyabean
Deltamethrin 25% WDG,domestica)
Deltamethrin 25% WDG,quinquefasciatus)
Deltamethrin 25% WDG,"stephensi,
Culex"
Diafenthiuron 40.1 % + Acetamiprid 3.9 % w/w WP,Brinjal
Diafenthiuron 40.1 % + Acetamiprid 3.9 % w/w WP,Chilli
Diafenthiuron 40.1 % + Acetamiprid 3.9 % w/w WP,Cotton
Diafenthiuron 40.1 % + Acetamiprid 3.9 % w/w WP,Maize
Diafenthiuron 50 % WP,Brinjal
Diafenthiuron 50 % WP,Cabbage
Diafenthiuron 50 % WP,Cardamom
Diafenthiuron 50 % WP,Chilli
Diafenthiuron 50 % WP,Citrus
Diafenthiuron 50 % WP,Cotton
Diafenthiuron 50 % WP,Okra
Diafenthiuron 50 % WP,Soyabean
Diafenthiuron 50 % WP,Tomato
Diafenthiuron 50 % WP,watermelon
Diclofop Methyl 28% EC,Wheat
Diclosulam 0.9% + Pendimethalin 35% SE,Groundnut (Pre-
Diclosulam 0.9% + Pendimethalin 35% SE,Soybean (Pre-
Diclosulam 0.9% + Pendimethalin 35% SE,emergence)
Diclosulam 0.9% + Pendimethalin 35% SE,incorporation)
Diclosulam 0.9% + Pendimethalin 35% SE,plant
Diclosulam 84% WDG,Groundnut
Diclosulam 84% WDG,Soybean
Difenoconazole 25% EC,Apple
Difenoconazole 25% EC,Chilli
Difenoconazole 25% EC,Cumin
Difenoconazole 25% EC,Grape
Difenoconazole 25% EC,Groundnut
Difenoconazole 25% EC,Onion
Difenoconazole 25% EC,Paddy (Rice)
Difenoconazole 25% EC,Pomegranate
Difenoconazole 3% WS,Wheat
Difenoconazole 4% + Propineb 64% DF,Apple
Difenoconazole 4% + Propineb 64% DF,Paddy
Difenoconazole 6% + validamycin 6% SC,Cucumber
Difenoconazole 6% + validamycin 6% SC,Grape
Difenoconazole 6% + validamycin 6% SC,Potato
Difenoconazole 6% + validamycin 6% SC,Rice
Difenoconazole 6% + validamycin 6% SC,Tomato
Diflubenzuron 0.1% W/W Termite Bait to be used by pest control operators only,Termites
Diflubenzuron 02 % Tablets,Mosquitoes
Diflubenzuron 02 % Tablets,Name of pest
Diflubenzuron 02 % Tablets,larvae
Diflubenzuron 25 % WP,Cotton
Dimethoate 30 % EC,Bajra
Dimethoate 30 % EC,Bhindi (okra)
Dimethoate 30 % EC,Brinjal
Dimethoate 30 % EC,Castor
Dimethoate 30 % EC,Cauliflower
Dimethoate 30 % EC,Cotton
Dimethoate 30 % EC,Maize
Dimethoate 30 % EC,Mustard
Dimethoate 30 % EC,Potato
Dimethoate 30 % EC,Rose
Dimethoate 30 % EC,Safflower
Dimethoate 30 % EC,Sorghum
Dimethomorph 50% WP,Grapes
Dimethomorph 50% WP,Potato
Dinocap 48% EC,Mango
Dinocap 48% EC,Rose
Dinotefuran 11% + Pymetrozine 36% WG,Paddy
Dinotefuran 11% + Pymetrozine 36% WG,Rice
Dinotefuran 12%+Thiamethoxam 22.5%+Pymetrozine 30% w/w WG,Paddy (Rice)
Dinotefuran 12%+Thiamethoxam 22.5%+Pymetrozine 30% w/w WG,Rice
Dinotefuran 15 % + Pymetrozine 45% WG,Rice
Dinotefuran 20 % SG,Cotton
Dinotefuran 20 % SG,Rice
Dinotefuran 20 % SG,Rice (Paddy)
Dinotefuran 4 % + Acephate 50% w/w/ SG,Brinjal
Dinotefuran 4 % + Acephate 50% w/w/ SG,Cotton
Dinotefuran 4 % + Acephate 50% w/w/ SG,Rice
Dinotefuran 5% + Ethion 50% EC,Cotton
Dinotefuran 5% + Ethion 50% EC,Rice
Dithianon 75%WP,Apple
Diuron 25.6% w/w + Glyphosate 14.4% w/w + Oxyfluorfen 11.5% w/w SC,Non-crop area
Diuron 80% WP,Cotton
Diuron 80% WP,Grapes
Emamectin Benzoate 1.1% + Diafenthiuron 30 % SC,Brinjal
Emamectin Benzoate 1.1% + Diafenthiuron 30 % SC,Chilli
Emamectin Benzoate 1.1% + Diafenthiuron 30 % SC,Cotton
Emamectin Benzoate 1.1% + Diafenthiuron 30 % SC,Paddy ( Rice)
Emamectin Benzoate 2.2% + Permethrin 15.3 % EC,Maize
Emamectin Benzoate 2.2% + Permethrin 15.3 % EC,Rice (Paddy)
Emamectin benzoate 01.90 % EC,Chick pea
Emamectin benzoate 01.90 % EC,Chilli
Emamectin benzoate 01.90 % EC,Cotton
Emamectin benzoate 01.90 % EC,Paddy
Emamectin benzoate 01.90 % EC,Soybean
Emamectin benzoate 05 % SG,(Arhar/Tur)
Emamectin benzoate 05 % SG,Brinjal
Emamectin benzoate 05 % SG,Cabbage
Emamectin benzoate 05 % SG,Chickpea
Emamectin benzoate 05 % SG,Chilli
Emamectin benzoate 05 % SG,Cotton
Emamectin benzoate 05 % SG,Grapes
Emamectin benzoate 05 % SG,Okra (Bhindi)
Emamectin benzoate 05 % SG,Red gram
Emamectin benzoate 05 % SG,Tea
Emamectin benzoate 1.9% + Chlorantraniliprole 5 % + Deltamethrin 1 % w/w EC,Chilli
Emamectin benzoate 5 % w/w + Lufenuron 40 % w/w WG,Brinjal
Emamectin benzoate 5 % w/w + Lufenuron 40 % w/w WG,Cauliflower
Emamectin benzoate 5 % w/w + Lufenuron 40 % w/w WG,Chilli
Emamectin benzoate 5 % w/w + Lufenuron 40 % w/w WG,Maize
Emamectin benzoate 5 % w/w + Lufenuron 40 % w/w WG,Paddy ( Rice)
Emamectin benzoate 5 % w/w + Lufenuron 40 % w/w WG,Tea
Emamectin benzoate 5 % w/w + Lufenuron 40 % w/w WG,Tomato
Ethaboxam 40% SC,Grape
Ethaboxam 40% SC,Potato
Ethalfluralin 35.65% w/w EC (36% EC),(Transplanted &
Ethalfluralin 35.65% w/w EC (36% EC),Cotton
Ethalfluralin 35.65% w/w EC (36% EC),Direct Seeded)
Ethalfluralin 35.65% w/w EC (36% EC),Potato
Ethalfluralin 35.65% w/w EC (36% EC),Rice
Ethalfluralin 35.65% w/w EC (36% EC),Soyabean
Ethalfluralin 35.65% w/w EC (36% EC),Sugarcane
Ethalfluralin 35.65% w/w EC (36% EC),Transplanted
Ethion 50 % EC,Chilli
Ethion 50 % EC,Cotton
Ethion 50 % EC,Godown
Ethion 50 % EC,Gram
Ethion 50 % EC,Pigeon pea or
Ethion 50 % EC,Redgram
Ethion 50 % EC,Tea
Ethion 50 % EC,fumigation
Ethiprole 10.7% + Pymetrozine 40% WG,Rice
Ethiprole 10.7% + Pymetrozine 40% WG,Rice (Paddy)
Etoxazole 10 % SC,Apple
Etoxazole 10 % SC,Brinjal
Etoxazole 10 % SC,Tea
Famoxadone16.6%+ Cymoxanil22.1%SC,Gherkin
Famoxadone16.6%+ Cymoxanil22.1%SC,Grapes
Famoxadone16.6%+ Cymoxanil22.1%SC,Potato
Famoxadone16.6%+ Cymoxanil22.1%SC,Tomato
Fenamidone 4.44%+ Fosetyl-AL 66.7%WDG,Grape
Fenamidone10%+ Mancozeb50%WG,Aphids
Fenamidone10%+ Mancozeb50%WG,Apple
Fenamidone10%+ Mancozeb50%WG,Banana
Fenamidone10%+ Mancozeb50%WG,Chilli
Fenamidone10%+ Mancozeb50%WG,Coffee
Fenamidone10%+ Mancozeb50%WG,Cotton
Fenamidone10%+ Mancozeb50%WG,Cucumber
Fenamidone10%+ Mancozeb50%WG,Cumin
Fenamidone10%+ Mancozeb50%WG,Grape
Fenamidone10%+ Mancozeb50%WG,Grapes
Fenamidone10%+ Mancozeb50%WG,Groundnut
Fenamidone10%+ Mancozeb50%WG,Maize
Fenamidone10%+ Mancozeb50%WG,Mango
Fenamidone10%+ Mancozeb50%WG,Onion
Fenamidone10%+ Mancozeb50%WG,Paddy (Rice)
Fenamidone10%+ Mancozeb50%WG,Potato
Fenamidone10%+ Mancozeb50%WG,Rice (Paddy)
Fenamidone10%+ Mancozeb50%WG,Soybean
Fenamidone10%+ Mancozeb50%WG,Tomato
Fenamidone10%+ Mancozeb50%WG,Wheat
Fenazaquin 10 % EC,Apple
Fenazaquin 10 % EC,Brinjal
Fenazaquin 10 % EC,Chilli
Fenazaquin 10 % EC,Okra (Bhindi)
Fenazaquin 10 % EC,Tea
Fenazaquin 10 % EC,Tomato
Fenazaquin 18.3 % SC,Apple
Fenazaquin 18.3 % SC,Brinjal
Fenazaquin 18.3 % SC,Chilli
Fenazaquin 18.3 % SC,Godown
Fenazaquin 18.3 % SC,Millets
Fenazaquin 18.3 % SC,Okra
Fenazaquin 18.3 % SC,Pulses
Fenazaquin 18.3 % SC,Stored
Fenazaquin 18.3 % SC,Tea
Fenazaquin 18.3 % SC,Tomato
Fenazaquin 18.3 % SC,cereals
Fenazaquin 18.3 % SC,fumigation
Fenazaquin 18.3 % SC,whole
Fenmezoditiaz 200g/L SC,Rice
Fenmezoditiaz 200g/L SC,Tomato
Fenobucarb (BPMC) 50 % EC,Rice
Fenoxaprop-p-Ethyl 5% + Chlorimuron Ethyl 0.6% + Pretilachlor 50 % ME,Transplanted
Fenoxaprop-p-Ethyl 5% + Chlorimuron Ethyl 0.6% + Pretilachlor 50 % ME,paddy
Fenoxaprop-p-ethyl 6% + Chlorimuron ethyl 0.9% + Imazethapyr 10% SC,Soybean
Fenoxaprop-p-ethyl 7.77% w/w + Metribuzin 13.6% w/w EC,Soybean
Fenoxaprop-p-ethyl 7.77% w/w + Metribuzin 13.6% w/w EC,Wheat
Fenpropathrin 10 % EC,Cotton
Fenpropathrin 30 % EC,Cotton
Fenpropathrin 30 % EC,Rice
Fenvalerate 20 % EC,Brinjal
Fenvalerate 20 % EC,Cabbage
Fenvalerate 20 % EC,Cauliflower
Fenvalerate 20 % EC,Chilli
Fenvalerate 20 % EC,Cotton
Fenvalerate 20 % EC,Okra (Bhindi)
Fenvalerate 20 % EC,Rice
Fenvalerate 20 % EC,Sugarcane
Fipronil 02.92 % EC,(Building)
Fipronil 02.92 % EC,Post-construction
Fipronil 02.92 % EC,Pre-construction
Fipronil 02.92 % EC,Rice
Fipronil 04 % + Acetamiprid 04 % w/w SC,Cotton
Fipronil 10% + Diafenthiuron 30% w/w WG,Brinjal
Fipronil 10% + Diafenthiuron 30% w/w WG,Chilli`
Fipronil 10% + Diafenthiuron 30% w/w WG,Cucumber
Fipronil 10% + Diafenthiuron 30% w/w WG,Rice
Fipronil 10% + Diafenthiuron 30% w/w WG,Tea
Fipronil 10% + Diafenthiuron 30% w/w WG,Tomato
Fipronil 15% + Chlorantraniliprole 5% w/v SC,Rice
Fipronil 15% + Deltamethrin 2.5% w/v SC,Tomato
Fipronil 15% + Flonicamid 15% WDG,Brinjal
Fipronil 15% + Flonicamid 15% WDG,Chilli
Fipronil 15% + Flonicamid 15% WDG,Cotton
Fipronil 15% + Flonicamid 15% WDG,Paddy
Fipronil 15% + Flonicamid 15% WDG,Tomato
Fipronil 15% + Flonicamid 15% WDG,Wheat
Fipronil 15% + Imidacloprid 5% w/v SC,Cotton
Fipronil 18.87 % w/w SC,Chilli
Fipronil 18.87 % w/w SC,Cotton
Fipronil 18.87 % w/w SC,Rice
Fipronil 40 % + Imidacloprid 40 % WG,Chilli
Fipronil 40 % + Imidacloprid 40 % WG,Cotton
Fipronil 40 % + Imidacloprid 40 % WG,Groundnut
Fipronil 40 % + Imidacloprid 40 % WG,Rice
Fipronil 40 % + Imidacloprid 40 % WG,Sugarcane
Fipronil 80 % WG,Cabbage
Fipronil 80 % WG,Chilli
Fipronil 80 % WG,Cotton
Fipronil 80 % WG,Grapes
Fipronil 80 % WG,Onion
Fipronil 80 % WG,Rice
Flazasulfuron 10% w/w WP,Sugarcane
Flocoumafen 0.005% Block Bait (Strom),Cotton
Flocoumafen 0.005% Block Bait (Strom),Potato
Flometoquin 10% SC,Cabbage
Flometoquin 10% SC,Chilli
Florpyrauxifen-benzyl 1.31% w/w +Penoxsulam 2.1% w/w OD,Direct
Florpyrauxifen-benzyl 1.31% w/w +Penoxsulam 2.1% w/w OD,Rice
Florpyrauxifen-benzyl 1.31% w/w +Penoxsulam 2.1% w/w OD,Transplanted
Florpyrauxifen-benzyl 1.31% w/w +Penoxsulam 2.1% w/w OD,seeded rice
Florpyrauxifen-benzyl 2.13% w/w + Cyhalofop-butyl 10.64% w/w EC,Direct seeded
Florpyrauxifen-benzyl 2.13% w/w + Cyhalofop-butyl 10.64% w/w EC,Rice
Florpyrauxifen-benzyl 2.13% w/w + Cyhalofop-butyl 10.64% w/w EC,Transplanted
Florpyrauxifen-benzyl 2.13% w/w + Cyhalofop-butyl 10.64% w/w EC,rice
Florpyrauxifen-benzyl 2.7% w/w EC,Direct seeded
Florpyrauxifen-benzyl 2.7% w/w EC,Rice
Florpyrauxifen-benzyl 2.7% w/w EC,Transplanted
Florpyrauxifen-benzyl 2.7% w/w EC,rice
Fluazifop-p-butyl 11.1% w/w + Fomesafen 11.1% w/w SL,Groundnut
Fluazifop-p-butyl 11.1% w/w + Fomesafen 11.1% w/w SL,Soybean
Fluazifop-p-butyl 11.1% w/w + Fomesafen 11.1% w/w SL,Wheat
Flubendiamide 00.70 % GR,Paddy (Rice)
Flubendiamide 20 % WG,(Tur/Arhar)
Flubendiamide 20 % WG,Bengal gram
Flubendiamide 20 % WG,Black gram
Flubendiamide 20 % WG,Cabbage
Flubendiamide 20 % WG,Chilli
Flubendiamide 20 % WG,Cotton
Flubendiamide 20 % WG,Groundnut
Flubendiamide 20 % WG,Maize
Flubendiamide 20 % WG,Pigeon pea
Flubendiamide 20 % WG,Rice
Flubendiamide 20 % WG,Soybean
Flubendiamide 20 % WG,Sugarcane
Flubendiamide 20 % WG,Tea
Flubendiamide 20 % WG,Tomato
Flubendiamide 39.35 % w/w SC,Bengal gram
Flubendiamide 39.35 % w/w SC,Black gram
Flubendiamide 39.35 % w/w SC,Brinjal
Flubendiamide 39.35 % w/w SC,Cabbage
Flubendiamide 39.35 % w/w SC,Cardamom
Flubendiamide 39.35 % w/w SC,Chilli
Flubendiamide 39.35 % w/w SC,Cotton
Flubendiamide 39.35 % w/w SC,Gherkin
Flubendiamide 39.35 % w/w SC,Okra
Flubendiamide 39.35 % w/w SC,Pigeon pea
Flubendiamide 39.35 % w/w SC,Rice
Flubendiamide 39.35 % w/w SC,Soybean
Flubendiamide 39.35 % w/w SC,Tomato
Fluchloralin 45% EC,Cotton
Fluchloralin 45% EC,Groundnut
Fluchloralin 45% EC,Soybean
Fluchloralin 45% EC,Sugarcane
Fluchloralin 45% EC,Wheat
Fludioxonil 20.4% w/w SC,Apple
Fludioxonil 20.4% w/w SC,Citrus
Fludioxonil 20.4% w/w SC,Mango
Fluensulfone 2% GR,Cucumber
Fluensulfone 2% GR,Okra
Fluensulfone 2% GR,Paddy (Rice)
Fluensulfone 2% GR,Pomegranate
Fluensulfone 2% GR,Tomato
Flufenoxuron 10 % DC,Rose
Flumite 20 % SC / Flufenzine 20 % SC,Brinjal
Flumite 20 % SC / Flufenzine 20 % SC,Tea
Fluopyram 34.48 % w/w SC,Cucumber
Fluopyram 34.48 % w/w SC,Tea
Fluopyram 34.48 % w/w SC,Tomato
Flupyradifurone 17.09 % w/w SL,Okra (Bhindi)
Flupyradifurone 17.09 % w/w SL,Tea
Flupyrimin 10 % SC,Paddy
Flupyrimin 2% GR,Rice
Fluroxypyr 13.8% (Meptyl 20%) + Metribuzin 5.6% W/W EC,Wheat
Fluroxypyr meptyl 48% w/v (45.5% w/w) EC,Onion
Flusilazole 40% EC,Grapes
Fluthiacet Methyl 10.3% EC,Soybean
Fluvalinate 25 % EC,Cotton
Fluvalinate 25 % EC,Paddy
Fluxametamide 10% w/w EC,Brinjal
Fluxametamide 10% w/w EC,Cabbage
Fluxametamide 10% w/w EC,Chilli
Fluxametamide 10% w/w EC,Cotton
Fluxametamide 10% w/w EC,Okra
Fluxametamide 10% w/w EC,Redgram
Fluxametamide 10% w/w EC,Tomato
Fomesafen 12 % + Quizalofop ethyl 3% w/w SC,Soybean
Fomesafen 12.5% + Fenoxaprop-p-Ethyl 10% + Chlorimuron Ethyl 0.9% ME,Soybean
Fomesafen 12.5% +Quizalofop ethyl 4.68% EC,Groundnut
Fomesafen 12.5% +Quizalofop ethyl 4.68% EC,Soybean
Fomesafen 17.5% + Clodinafop-propargyl 12.5% w/w ME,Green gram
Fomesafen 17.5% + Clodinafop-propargyl 12.5% w/w ME,Soybean
Glufosinate Ammonium 13.5% SL (15% w/v),Cotton
Glufosinate Ammonium 13.5% SL (15% w/v),Soybean
Glufosinate Ammonium 13.5% SL (15% w/v),Tea
Glufosinate ammonium 13.4% + Oxyfluorfen 4.8% w/w EW,Tea
Glufosinate ammonium 14.3 % + Glyphosate (Isopropyl Ammonium) 18.04 % SL,Non-crop area
Glufosinate ammonium 50 % WG,Non-crop area
Glyphosate 41% SL IPA Salt,Non-cropped
Glyphosate 41% SL IPA Salt,Tea
Glyphosate 41% SL IPA Salt,area
Glyphosate 54% SL (IPA Salt),Tea
Glyphosate Ammonium Salt 5% SL,Tea
Glyphosate Ammonium Salt 5% SL,Tea & Non-crop
Glyphosate Ammonium Salt 5% SL,area
Glyphosate Potassium Salt 41.60 % w/w SL (Equivalent to 54% w/v),Non cropped
Glyphosate Potassium Salt 41.60 % w/w SL (Equivalent to 54% w/v),area
Halauxifen-methyl 1.21% w/w + Fluroxypyr-meptyl 38.9% w/w EC,Wheat
Halosulfuron Methyl 5% + Atrazine 48% WG,Maize
Halosulfuron Methyl 5% + Atrazine 48% WG,Sugarcane
Halosulfuron Methyl 75% WG,Bottle gourd
Halosulfuron Methyl 75% WG,Maize
Halosulfuron Methyl 75% WG,Sugarcane
Haloxyfop R Methyl 10.5% w/w EC,Blackgram
Haloxyfop R Methyl 10.5% w/w EC,Cotton
Haloxyfop R Methyl 10.5% w/w EC,Mentha
Haloxyfop R Methyl 10.5% w/w EC,Onion
Haloxyfop R Methyl 10.5% w/w EC,Soybean
Hexaconazole 5% EC,Apple
Hexaconazole 5% EC,Grapes
Hexaconazole 5% EC,Groundnut
Hexaconazole 5% EC,Mango
Hexaconazole 5% EC,Rice (Paddy)
Hexaconazole 5% EC,Soybean
Hexaconazole 75% WG,Chilli
Hexaconazole 75% WG,Coffee
Hexaconazole 75% WG,Groundnut
Hexaconazole 75% WG,Paddy (Rice)
Hexythiazox 05.45 % w/w EC,Apple
Hexythiazox 05.45 % w/w EC,Brinjal
Hexythiazox 05.45 % w/w EC,Chilli
Hexythiazox 05.45 % w/w EC,Grapes
Hexythiazox 05.45 % w/w EC,Okra
Hexythiazox 05.45 % w/w EC,Rose
Hexythiazox 05.45 % w/w EC,Tea
Hexythiazox 05.45 % w/w EC,Tomato
Imazapic 17.5% + Imazapyr 52.5% WG,Hebicide
Imazapic 17.5% + Imazapyr 52.5% WG,Herbicide
Imazapic 17.5% + Imazapyr 52.5% WG,Imazapic and
Imazapic 17.5% + Imazapyr 52.5% WG,Imazapyr â
Imazapic 17.5% + Imazapyr 52.5% WG,Tolerant Mustard
Imazapic 17.5% + Imazapyr 52.5% WG,Tolerant Rice
Imazethapyr 10% SL,Black gram
Imazethapyr 10% SL,Direct seeded
Imazethapyr 10% SL,Green gram
Imazethapyr 10% SL,Groundnut
Imazethapyr 10% SL,Herbicide
Imazethapyr 10% SL,Imazethapyr-
Imazethapyr 10% SL,Soybean
Imazethapyr 10% SL,Tolerant Rice
Imazethapyr 10% SL,days after
Imazethapyr 10% SL,sowing)
Imazethapyr 35% + Imazamox 35% WG,Cluster bean
Imazethapyr 35% + Imazamox 35% WG,Groundnut
Imazethapyr 35% + Imazamox 35% WG,Red gram
Imazethapyr 35% + Imazamox 35% WG,Soybean
Imazethapyr 70% WG + Surfactant,Soybean
Imazethapyr 70% WG + Surfactant,Wheat
Imazethapyr 70% WG + Surfactant,weeds)
Imazosulfuron 1% + Pretilachlor 8% GR,Rice
Imazosulfuron 1% + Pretilachlor 8% GR,Transplanted
Imidacloprid 00.30 % GR,Paddy(Rice)
Imidacloprid 17.1 % w/w SL,Cotton
Imidacloprid 17.1 % w/w SL,Paddy(Rice)
Imidacloprid 17.1 % w/w SL,Rice
Imidacloprid 17.80 % SL,Chilli
Imidacloprid 17.80 % SL,Citrus
Imidacloprid 17.80 % SL,Cotton
Imidacloprid 17.80 % SL,Grapes
Imidacloprid 17.80 % SL,Groundnut
Imidacloprid 17.80 % SL,Mango
Imidacloprid 17.80 % SL,Mustard
Imidacloprid 17.80 % SL,Okra (Bhindi)
Imidacloprid 17.80 % SL,Paddy (Rice)
Imidacloprid 17.80 % SL,Pearl millet
Imidacloprid 17.80 % SL,Sorghum
Imidacloprid 17.80 % SL,Sugarcane
Imidacloprid 17.80 % SL,Sunflower
Imidacloprid 17.80 % SL,Tomato
Imidacloprid 18.50 % + Hexaconazole 01.50 % FS,Chilli
Imidacloprid 18.50 % + Hexaconazole 01.50 % FS,Groundnut
Imidacloprid 18.50 % + Hexaconazole 01.50 % FS,Wheat
Imidacloprid 21 % + Beta-cyfluthrin 10.50 % w/w SC,"(Aedes sp.,"
Imidacloprid 21 % + Beta-cyfluthrin 10.50 % w/w SC,Adult
Imidacloprid 21 % + Beta-cyfluthrin 10.50 % w/w SC,American
Imidacloprid 21 % + Beta-cyfluthrin 10.50 % w/w SC,Anopheles sp.
Imidacloprid 21 % + Beta-cyfluthrin 10.50 % w/w SC,Bed Bug
Imidacloprid 21 % + Beta-cyfluthrin 10.50 % w/w SC,Cockroaches
Imidacloprid 21 % + Beta-cyfluthrin 10.50 % w/w SC,"Cockroaches,"
Imidacloprid 21 % + Beta-cyfluthrin 10.50 % w/w SC,German
Imidacloprid 21 % + Beta-cyfluthrin 10.50 % w/w SC,Houseflies & Cockroaches
Imidacloprid 21 % + Beta-cyfluthrin 10.50 % w/w SC,Housefly
Imidacloprid 21 % + Beta-cyfluthrin 10.50 % w/w SC,Insectpests
Imidacloprid 21 % + Beta-cyfluthrin 10.50 % w/w SC,Mosquitoes
Imidacloprid 21 % + Beta-cyfluthrin 10.50 % w/w SC,Name of
Imidacloprid 21 % + Beta-cyfluthrin 10.50 % w/w SC,"Non-porous surfaces â Mosquitoes,"
Imidacloprid 21 % + Beta-cyfluthrin 10.50 % w/w SC,Porous surfaces â Mosquitoes House
Imidacloprid 21 % + Beta-cyfluthrin 10.50 % w/w SC,and Culex sp.)
Imidacloprid 21 % + Beta-cyfluthrin 10.50 % w/w SC,flies& Cockroaches
Imidacloprid 30.50 % m/m SC,Chilli
Imidacloprid 30.50 % m/m SC,Cotton
Imidacloprid 30.50 % m/m SC,"For non- agricultural use:- For protecting building from termite attack at pre and post construction stages,"
Imidacloprid 30.50 % m/m SC,Rice (Paddy)
Imidacloprid 48 % FS (dosage per 100 kg of seeds),Bengal gram
Imidacloprid 48 % FS (dosage per 100 kg of seeds),Black gram
Imidacloprid 48 % FS (dosage per 100 kg of seeds),Chilli
Imidacloprid 48 % FS (dosage per 100 kg of seeds),Cotton
Imidacloprid 48 % FS (dosage per 100 kg of seeds),Cumin
Imidacloprid 48 % FS (dosage per 100 kg of seeds),Green Pea
Imidacloprid 48 % FS (dosage per 100 kg of seeds),Groundnut
Imidacloprid 48 % FS (dosage per 100 kg of seeds),Maize
Imidacloprid 48 % FS (dosage per 100 kg of seeds),Okra (Bhindi)
Imidacloprid 48 % FS (dosage per 100 kg of seeds),Pearl millet
Imidacloprid 48 % FS (dosage per 100 kg of seeds),Potato
Imidacloprid 48 % FS (dosage per 100 kg of seeds),Rice
Imidacloprid 48 % FS (dosage per 100 kg of seeds),Sorghum
Imidacloprid 48 % FS (dosage per 100 kg of seeds),Soybean
Imidacloprid 48 % FS (dosage per 100 kg of seeds),Sunflower
Imidacloprid 48 % FS (dosage per 100 kg of seeds),Wheat
Imidacloprid 70 % WG,Cotton
Imidacloprid 70 % WG,Cucumber
Imidacloprid 70 % WG,Okra (Bhindi)
Imidacloprid 70 % WG,Potato
Imidacloprid 70 % WG,Rice (Paddy)
Imidacloprid 70 % WG,Tomato
Indaziflam 1.65% w/w (2% w/v) + Glyphosate Isopropyl ammonium 44.63% w/w (40% w/v) SC,Grape
Indaziflam 1.65% w/w (2% w/v) + Glyphosate Isopropyl ammonium 44.63% w/w (40% w/v) SC,Tea
Indoxacarb 10.0% + Thiamethoxam 10.0% WG,Chilli
Indoxacarb 10.0% + Thiamethoxam 10.0% WG,Paddy
Indoxacarb 10.0% + Thiamethoxam 10.0% WG,Rice
Indoxacarb 10.0% + Thiamethoxam 10.0% WG,Tomato
Indoxacarb 14.50 % SC,Cabbage
Indoxacarb 14.50 % SC,Chickpea
Indoxacarb 14.50 % SC,Chilli
Indoxacarb 14.50 % SC,Cotton
Indoxacarb 14.50 % SC,Pigeon pea
Indoxacarb 14.50 % SC,Rice
Indoxacarb 14.50 % SC,Soybean
Indoxacarb 14.50 % SC,Tomato
Indoxacarb 15.80 % EC,Cabbage
Indoxacarb 15.80 % EC,Chickpea
Indoxacarb 15.80 % EC,Cotton
Indoxacarb 15.80 % EC,Pigeon pea
Indoxacarb 15.80 % EC,Rice
Indoxacarb 15.80 % EC,Soybean
Inpyrfluxam 6% + Tebuconazole 20% w/v SC,(Pyricularia
Inpyrfluxam 6% + Tebuconazole 20% w/v SC,(Rhizoctonia
Inpyrfluxam 6% + Tebuconazole 20% w/v SC,Sheath blight
Inpyrfluxam 6% + Tebuconazole 20% w/v SC,oryzae)
Inpyrfluxam 6% + Tebuconazole 20% w/v SC,"solani), Leaf blast"
Iprodione 50% WP,Grapes
Iprodione 50% WP,Mustard
Iprodione 50% WP,Rapeseed/
Iprodione 50% WP,Rice (Paddy)
Iprodione 50% WP,Tomato
Iprodione25%+ Carbendazim25%WP,oryzae)
Isocycloseram 9.2% W/W Dc (10% W/V) DC,Brinjal
Isocycloseram 9.2% W/W Dc (10% W/V) DC,Cabbage
Isocycloseram 9.2% W/W Dc (10% W/V) DC,Chickpea
Isocycloseram 9.2% W/W Dc (10% W/V) DC,Chilli
Isocycloseram 9.2% W/W Dc (10% W/V) DC,Cotton
Isocycloseram 9.2% W/W Dc (10% W/V) DC,Groundnut
Isocycloseram 9.2% W/W Dc (10% W/V) DC,Maize
Isocycloseram 9.2% W/W Dc (10% W/V) DC,Red Gram
Isocycloseram 9.2% W/W Dc (10% W/V) DC,Soybean
Isoprothiolane 40% EC,Rice (Paddy)
Isopyrazam 11.5% w/w + Difenoconazole 11.5% w/w SC,Grapes
Isopyrazam 11.5% w/w + Difenoconazole 11.5% w/w SC,Groundnut
Isopyrazam 11.5% w/w + Difenoconazole 11.5% w/w SC,Pomegranate
Isopyrazam 11.5% w/w + Difenoconazole 11.5% w/w SC,Rice
Isopyrazam 11.5% w/w + Difenoconazole 11.5% w/w SC,Rice (Paddy)
Kasugamycin 3% SL,Rice (Paddy)
Kitazin 17% GR,Rice (Paddy)
Kitazin 48% EC,Chilly
Kitazin 48% EC,Grape
Kitazin 48% EC,Onion
Kitazin 48% EC,Potato
Kitazin 48% EC,Rice (Paddy)
Kitazin 48% EC,Tomato
Kresoxim-methyl 44.3% SC,Bean
Kresoxim-methyl 44.3% SC,Cherry
Kresoxim-methyl 44.3% SC,Chillies
Kresoxim-methyl 44.3% SC,Cotton
Kresoxim-methyl 44.3% SC,Grapes
Kresoxim-methyl 44.3% SC,Maize
Kresoxim-methyl 44.3% SC,"Paddy (Rice)  Blast,"
Kresoxim-methyl 44.3% SC,Peach
Kresoxim-methyl 44.3% SC,Pear
Kresoxim-methyl 44.3% SC,Plum
Kresoxim-methyl 44.3% SC,Potato
Kresoxim-methyl 44.3% SC,Rose
Kresoxim-methyl 44.3% SC,Soybean
Kresoxim-methyl 44.3% SC,Tea
Kresoxim-methyl 44.3% SC,Wheat
Lambda-Cyhalothrin 5% + Clothianidin 5% + Carbendazim 37% SC,Chilli
Lambda-Cyhalothrin 5% + Clothianidin 5% + Carbendazim 37% SC,Rice
Lambda-cyhalothrin 02.43 % CS,(Blattella germanica)
Lambda-cyhalothrin 02.43 % CS,(Periplaneta americana)
Lambda-cyhalothrin 02.43 % CS,American Cockroaches
Lambda-cyhalothrin 02.43 % CS,"Anopheles stephensi, Culex"
Lambda-cyhalothrin 02.43 % CS,Cockroaches
Lambda-cyhalothrin 02.43 % CS,German Cockroaches
Lambda-cyhalothrin 02.43 % CS,Houseflies (Musca domestica)
Lambda-cyhalothrin 02.43 % CS,"Housefly, Adult mosquitoes"
Lambda-cyhalothrin 02.43 % CS,Mosquito (Anopheles spp.)
Lambda-cyhalothrin 02.43 % CS,Name of pest
Lambda-cyhalothrin 02.43 % CS,Outdoor
Lambda-cyhalothrin 02.43 % CS,Target Pest
Lambda-cyhalothrin 02.43 % CS,aegypti
Lambda-cyhalothrin 02.43 % CS,flies& Cockroaches
Lambda-cyhalothrin 02.43 % CS,"quinquefasciatus, Aedes aegypti"
Lambda-cyhalothrin 04.90 % CS,Bhindi (Okra)
Lambda-cyhalothrin 04.90 % CS,Brinjal
Lambda-cyhalothrin 04.90 % CS,Cardamom
Lambda-cyhalothrin 04.90 % CS,Chickpea
Lambda-cyhalothrin 04.90 % CS,Chilli
Lambda-cyhalothrin 04.90 % CS,Cotton
Lambda-cyhalothrin 04.90 % CS,Grapes
Lambda-cyhalothrin 04.90 % CS,Groundnut
Lambda-cyhalothrin 04.90 % CS,Mango
Lambda-cyhalothrin 04.90 % CS,Okra (Bhindi)
Lambda-cyhalothrin 04.90 % CS,Onion
Lambda-cyhalothrin 04.90 % CS,Paddy (Rice)
Lambda-cyhalothrin 04.90 % CS,Pigeon pea
Lambda-cyhalothrin 04.90 % CS,Pomegranate
Lambda-cyhalothrin 04.90 % CS,Rice (Paddy)
Lambda-cyhalothrin 04.90 % CS,Soybean
Lambda-cyhalothrin 04.90 % CS,Tomato
Lufenuron 05.40 % EC,Black gram
Lufenuron 05.40 % EC,Cabbage
Lufenuron 05.40 % EC,Cauliflower
Lufenuron 05.40 % EC,Chilli
Lufenuron 05.40 % EC,Cotton
Lufenuron 05.40 % EC,"Magnesium Phosphide Degesch plates recommended for fumigation of un-manufactured tobacco forexport,"
Lufenuron 05.40 % EC,Pigeon pea
Lufenuron 05.40 % EC,as per importing country requirement.
METOFLUTHRIN 0.14% w/w AEROSOL,Ready to use household insecticide.
METOFLUTHRIN 0.14% w/w AEROSOL,This is ready to use aerosol insecticide
Malathion 02 % House Hold Spray,Ready to use
Malathion 02 % House Hold Spray,"quinquefasciatus, Aedes aegypti"
Malathion 05 % DP,Paddy (Rice)
Malathion 25 % WP,#NAME?
Malathion 25 % WP,cockroach
Malathion 25 % WP,pest
Malathion 50.00% EC,Cabbage
Malathion 50.00% EC,Paddy (Rice)
Mancozeb 35% SC,Peach
Mancozeb 35% SC,Potato
Mancozeb 35% SC,Tomato
Mancozeb 62.5% + Chlorothalonil 12.5% WG,Grape
Mancozeb 62.5% + Chlorothalonil 12.5% WG,Potato
Mancozeb 75% WG,Alternaria
Mancozeb 75% WG,"Scab, Pre-"
Mancozeb 75% WG,"mature leaf fall,"
Mancozeb 75% WG,sooty blotch
Mancozeb 75% WG,"spot/blight,"
Mancozeb 75% WP,Bitter gourd
Mancozeb 75% WP,Chilies
Mancozeb 75% WP,Cucumber
Mancozeb 75% WP,Grapes
Mancozeb 75% WP,Jowar
Mancozeb 75% WP,Maize
Mancozeb 75% WP,Paddy (Rice)
Mancozeb 75% WP,Potato
Mancozeb 75% WP,Tomato
Mancozeb 75% WP,Watermelon
Mancozeb 75% WP,Wheat
Mefentrifluconazole 200g/l + Pyraclostrobin 200g/l SC,Chilli
Mefentrifluconazole 200g/l + Pyraclostrobin 200g/l SC,Corn
Mefentrifluconazole 200g/l + Pyraclostrobin 200g/l SC,Cotton
Mefentrifluconazole 200g/l + Pyraclostrobin 200g/l SC,Groundnut
Mefentrifluconazole 200g/l + Pyraclostrobin 200g/l SC,Soybean
Mefentrifluconazole 200g/l + Pyraclostrobin 200g/l SC,Tomato
Mefentrifluconazole 200g/l +Fluxapyroxad 200 g/l SC,Chilli-
Mefentrifluconazole 200g/l +Fluxapyroxad 200 g/l SC,Mustard
Mefentrifluconazole 200g/l +Fluxapyroxad 200 g/l SC,Pomegranate
Mefentrifluconazole 200g/l +Fluxapyroxad 200 g/l SC,Rice
Mefentrifluconazole 200g/l +Fluxapyroxad 200 g/l SC,drenching)
Mefentrifluconazole 200g/l +Fluxapyroxad 200 g/l SC,nursery (soil
Meptyl Dinocap 35.7% EC,Chillies
Meptyl Dinocap 35.7% EC,Grapes
Meptyl Dinocap 35.7% EC,Mango
Meptyl Dinocap 35.7% EC,Pea
Metaflumizone 22 % SC,Cabbage
Metalaxy l8%+ Mancozeb 64%WP,Apple
Metalaxy l8%+ Mancozeb 64%WP,Banana
Metalaxy l8%+ Mancozeb 64%WP,Bengal gram
Metalaxy l8%+ Mancozeb 64%WP,Bitter gourd
Metalaxy l8%+ Mancozeb 64%WP,Blackgram
Metalaxy l8%+ Mancozeb 64%WP,Chickpea
Metalaxy l8%+ Mancozeb 64%WP,Chilli
Metalaxy l8%+ Mancozeb 64%WP,Cotton
Metalaxy l8%+ Mancozeb 64%WP,Cucumber
Metalaxy l8%+ Mancozeb 64%WP,Cumin
Metalaxy l8%+ Mancozeb 64%WP,Grape
Metalaxy l8%+ Mancozeb 64%WP,Grapes
Metalaxy l8%+ Mancozeb 64%WP,Greengram
Metalaxy l8%+ Mancozeb 64%WP,Groundnut
Metalaxy l8%+ Mancozeb 64%WP,Nursery
Metalaxy l8%+ Mancozeb 64%WP,Onion
Metalaxy l8%+ Mancozeb 64%WP,Paddy
Metalaxy l8%+ Mancozeb 64%WP,Paddy  (Rice)
Metalaxy l8%+ Mancozeb 64%WP,Paddy (Rice)
Metalaxy l8%+ Mancozeb 64%WP,Pomegranate
Metalaxy l8%+ Mancozeb 64%WP,Potato
Metalaxy l8%+ Mancozeb 64%WP,Rice
Metalaxy l8%+ Mancozeb 64%WP,Soybean
Metalaxy l8%+ Mancozeb 64%WP,Tobacco
Metalaxy l8%+ Mancozeb 64%WP,Tomato
Metalaxy l8%+ Mancozeb 64%WP,Wheat
Metalaxyl 35% WS,Bajra
Metalaxyl 35% WS,Maize
Metalaxyl 35% WS,Mustard
Metalaxyl 35% WS,Sorghum
Metalaxyl 35% WS,Sunflower
Metalaxyl M 3.3%+ Chlorothalonil 33.1% SC,Citrus (Soil
Metalaxyl M 3.3%+ Chlorothalonil 33.1% SC,Potato
Metalaxyl M 3.3%+ Chlorothalonil 33.1% SC,Tomato
Metalaxyl M 3.3%+ Chlorothalonil 33.1% SC,drench)
Metalaxyl-M 31.8% ES,Chilli
Metalaxyl-M 31.8% ES,Maize
Metalaxyl-M 31.8% ES,Pearl millet
Metalaxyl-M 31.8% ES,Sorghum
Metalaxyl-M 31.8% ES,Sunflower
Metalaxyl-M 31.8% ES,Tomato
Metaldehyde 2.5% DP,"Citrus, Rubber,"
Metaldehyde 2.5% DP,"Paddy (Rice),"
Metaldehyde 2.5% DP,"Tea,Vegetables"
Metamifop 10% EC,Direct seeded
Metamifop 10% EC,Rice
Metamifop 10% EC,Wheat
Metamifop 8% + Imazethapyr 4% + Imazamox 3% W/W ME,Groundnut
Metamifop 8% + Imazethapyr 4% + Imazamox 3% W/W ME,Soybean
Metamitron 70% SC,DAS)
Metamitron 70% SC,Rice
Metamitron 70% SC,Sugarbeet
Metamitron 70% SC,Wheat
Metazosulfuron 33% w/w WG,Rice
Metazosulfuron 33% w/w WG,Transplanted
Methoxyfenozide 21.8 % w/w SC,Groundnut
Methyl Bromide 98 % w/w,Cereals and
Methyl Bromide 98 % w/w,"Dry Fruits, Nuts"
Methyl Bromide 98 % w/w,Groundnut
Methyl Bromide 98 % w/w,Milled
Methyl Bromide 98 % w/w,Products:Flour
Methyl Bromide 98 % w/w,Pulses
Methyl Bromide 98 % w/w,"Seed,Millet,"
Methyl Bromide 98 % w/w,Seeds
Methyl Bromide 98 % w/w,Spices & Oil
Methyl Bromide 98 % w/w,Stored Whole
Metiram 70%WG,Apple
Metiram 70%WG,Chilli
Metiram 70%WG,Grape
Metiram 70%WG,Groundnut
Metiram 70%WG,Mango
Metiram 70%WG,Pomegranate
Metiram 70%WG,Potato
Metiram 70%WG,Rice (Paddy)
Metiram 70%WG,Tomato
Metofluthrin 0.32 % Liquid Vaporizer,House hold
Metofluthrin 0.32 % Liquid Vaporizer (with 1% perfume),House hold
Metofluthrin 0.32 % Liquid Vaporizer (with 1% perfume),Household
Metofluthrin 00.005 % (Mosquito Coil)-Min. 07 Hrs. Burning time,Ready to use household insecticide.
Metofluthrin 00.005 % (Mosquito Coil)-Min.12 Hrs.,Ready to use household insecticide.
Metolachlor 50% EC,(transplanted)
Metolachlor 50% EC,Potato
Metolachlor 50% EC,Rice
Metolachlor 50% EC,Soybean
Metolachlor 50% EC,Sugarcane
Metolachlor 50% EC,Transplanted
Metolachlor 50% EC,Wheat
Metrafenone 500 g/l SC,Apple
Metrafenone 500 g/l SC,Chilli
Metrafenone 500 g/l SC,Cucumber
Metrafenone 500 g/l SC,Grape
Metrafenone 500 g/l SC,Mango
"Metribuzin 16.8% + 2,4-D Sodium Salt 56% WP",Sugarcane
Metribuzin 42% + Clodinafop propargyl 12% WG,Wheat
Metsulfuron Methyl 10% + Carfentrazone ethyl 40% DF,Wheat
Metsulfuron Methyl 10% + Chlorimuron ethyl 10% WP,DAT
Metsulfuron Methyl 10% + Chlorimuron ethyl 10% WP,Rice (Pre-
Metsulfuron Methyl 10% + Chlorimuron ethyl 10% WP,Transplanted
Metsulfuron Methyl 10% + Chlorimuron ethyl 10% WP,emergence
Milbemectin 01 % EC,Chilli
Milbemectin 01 % EC,Rose
Monocrotophos 15 % SG,Cotton
NOVALURON 9.45% + LAMBDA-CYHALOTHRIN 1.9% ZC,Cabbage
NOVALURON 9.45% + LAMBDA-CYHALOTHRIN 1.9% ZC,Groundnut
NOVALURON 9.45% + LAMBDA-CYHALOTHRIN 1.9% ZC,Red gram
NOVALURON 9.45% + LAMBDA-CYHALOTHRIN 1.9% ZC,Tomato
Nitenpyram 25% w/w SP,Cotton
Nitenpyram 25% w/w SP,Paddy
Novaluron 05.25 % + Emamectin Benzoate 0.9% SC,Brinjal
Novaluron 05.25 % + Emamectin Benzoate 0.9% SC,Cabbage
Novaluron 05.25 % + Emamectin Benzoate 0.9% SC,Chickpea
Novaluron 05.25 % + Emamectin Benzoate 0.9% SC,Chilli
Novaluron 05.25 % + Emamectin Benzoate 0.9% SC,Maize
Novaluron 05.25 % + Emamectin Benzoate 0.9% SC,Red Gram
Novaluron 05.25 % + Emamectin Benzoate 0.9% SC,Rice
Novaluron 05.25 % + Indoxacarb 04.50 % SC,(Red
Novaluron 05.25 % + Indoxacarb 04.50 % SC,Black gram
Novaluron 05.25 % + Indoxacarb 04.50 % SC,Chickpea
Novaluron 05.25 % + Indoxacarb 04.50 % SC,Chilli
Novaluron 05.25 % + Indoxacarb 04.50 % SC,Gram/Arhar/Tu
Novaluron 05.25 % + Indoxacarb 04.50 % SC,Groundnut
Novaluron 05.25 % + Indoxacarb 04.50 % SC,Maize
Novaluron 05.25 % + Indoxacarb 04.50 % SC,Pigeon pea
Novaluron 05.25 % + Indoxacarb 04.50 % SC,Rice (Paddy)
Novaluron 05.25 % + Indoxacarb 04.50 % SC,Soybean
Novaluron 05.25 % + Indoxacarb 04.50 % SC,Tomato
Novaluron 05.25 % + Indoxacarb 04.50 % SC,r)
Novaluron 10 % EC,#NAME?
Novaluron 10 % EC,Application
Novaluron 10 % EC,Bengal gram
Novaluron 10 % EC,Cabbage
Novaluron 10 % EC,Chilli
Novaluron 10 % EC,"Clean surface
Anopheles stephensi,"
Novaluron 10 % EC,Clean surface water
Novaluron 10 % EC,Cotton
Novaluron 10 % EC,Household
Novaluron 10 % EC,Insect
Novaluron 10 % EC,Place of
Novaluron 10 % EC,"Polluted
Culex quinquefasciatus,"
Novaluron 10 % EC,Ready to use household insecticides
Novaluron 10 % EC,Tomato
Novaluron 10 % EC,"surface water
Anopheles subpictus"
Novaluron 10 % EC,"water
Aedes aegypti"
Novaluron 8.8 w/w % SC,Bengal gram
Novaluron 8.8 w/w % SC,Cotton
Orthosulfamuron 50% WG,Cumin
Orthosulfamuron 50% WG,Mustard
Orthosulfamuron 50% WG,Rice (Paddy)
Orthosulfamuron 50% WG,Transplanted
Oxadiargyl 1% + Pretilachlor 6% GR,Paddy
Oxadiargyl 1% + Pretilachlor 6% GR,Transplanted
Oxydemeton-methyl 25 % EC,Apple
Oxydemeton-methyl 25 % EC,Banana
Oxydemeton-methyl 25 % EC,Bhindi (Okra)
Oxydemeton-methyl 25 % EC,Chilli
Oxydemeton-methyl 25 % EC,Coffee
Oxydemeton-methyl 25 % EC,Cotton
Oxydemeton-methyl 25 % EC,Ground nut
Oxydemeton-methyl 25 % EC,Maize
Oxydemeton-methyl 25 % EC,Mango
Oxydemeton-methyl 25 % EC,Mustard
Oxydemeton-methyl 25 % EC,Onion
Oxydemeton-methyl 25 % EC,Paddy (Rice)
Oxydemeton-methyl 25 % EC,Peaches
Oxydemeton-methyl 25 % EC,Potato
Oxydemeton-methyl 25 % EC,Sesamum
Oxydemeton-methyl 25 % EC,Sorghum
Oxydemeton-methyl 25 % EC,Tobacco
Oxydemeton-methyl 25 % EC,Tomato
Oxyfluorfen 2.5% + Isopropyl amine salt of Glyphosate 41% w/w SC,Tea
Oxyfluorfen 20% + Clodinafop-Propargyl 5% DF,Onion
Paraquat Dichloride 22.4 % w/w + Oxyfluorfen 1.99 % w/w EW,Rice
Paraquat Dichloride 22.4 % w/w + Oxyfluorfen 1.99 % w/w EW,Transplanted
Paraquat Dichloride 24% + Oxyfluorfen 5% SC,Tea
Paraquat Dichloride 7.50% + Glyphosate 30% SC,Non-crop area
Paraquat dichloride 24% SL,(Post-emergence
Paraquat dichloride 24% SL,(minimum
Paraquat dichloride 24% SL,Apple
Paraquat dichloride 24% SL,"Aquatic
weed"
Paraquat dichloride 24% SL,"Canals,"
Paraquat dichloride 24% SL,Grapes
Paraquat dichloride 24% SL,Maize
Paraquat dichloride 24% SL,Ponds Etc.
Paraquat dichloride 24% SL,Potato
Paraquat dichloride 24% SL,Rice
Paraquat dichloride 24% SL,Tea
Paraquat dichloride 24% SL,Water ways
Paraquat dichloride 24% SL,Wheat
Paraquat dichloride 24% SL,[ p r e - p l a n t
Paraquat dichloride 24% SL,control
Paraquat dichloride 24% SL,controlling
Paraquat dichloride 24% SL,"directed
inter"
Paraquat dichloride 24% SL,of weeds)
Paraquat dichloride 24% SL,"row
application"
Paraquat dichloride 24% SL,sowing/transplan
Paraquat dichloride 24% SL,sowing]
Paraquat dichloride 24% SL,standing weeds]
Paraquat dichloride 24% SL,"tillage)
before"
Paraquat dichloride 24% SL,"ting
for"
Pencycuron 22.9% SC,Potato tuber
Pencycuron 22.9% SC,Rice (Paddy)
Pendimethalin 24% + Oxyfluorfen 4.1% w/v ZE,Onion
Pendimethalin 30% EC,& direct sown
Pendimethalin 30% EC,Chilli
Pendimethalin 30% EC,Cotton
Pendimethalin 30% EC,Cumin
Pendimethalin 30% EC,Groundnut
Pendimethalin 30% EC,Mustard
Pendimethalin 30% EC,Onion
Pendimethalin 30% EC,Ponds Etc.
Pendimethalin 30% EC,Rice (Nursery)
Pendimethalin 30% EC,Rice (Transplanted
Pendimethalin 30% EC,Soybean
Pendimethalin 30% EC,Upland)
Pendimethalin 30% EC,Wheat
Pendimethalin 30%+ Imazethapyr 2% EC,Soybean
Pendimethalin 35% + Metribuzin 3.5% w/w SE,Wheat
Pendimethalin 38.4% + Pyrazosulfuron ethyl 0.85% ZC,Rice
Pendimethalin 38.4% + Pyrazosulfuron ethyl 0.85% ZC,Transplanted
Pendimethalin 40% + Metribuzin 8% EC,Wheat
Penoxsulam 0.97% w/w + Butachlor 38.8% w/w SE,Rice
Penoxsulam 0.97% w/w + Butachlor 38.8% w/w SE,Transplanted
Penoxsulam 1% + Pendimethalin 24% w/w SE,(Direct seeded
Penoxsulam 1% + Pendimethalin 24% w/w SE,Rice
Penoxsulam 1% + Pendimethalin 24% w/w SE,Rice)
Penoxsulam 1.02 % + Cyhalofop-butyl 5.1% OD,(Direct seeded
Penoxsulam 1.02 % + Cyhalofop-butyl 5.1% OD,(Transplanted
Penoxsulam 1.02 % + Cyhalofop-butyl 5.1% OD,Rice
Penoxsulam 1.02 % + Cyhalofop-butyl 5.1% OD,Rice)
Penoxsulam 2% + Oxadiazon 21 % w/w SC,(Transplanted
Penoxsulam 2% + Oxadiazon 21 % w/w SC,Paddy
Penoxsulam 2% + Oxadiazon 21 % w/w SC,rice)
Penoxsulam 2.67% OD,(Transplanted
Penoxsulam 2.67% OD,Chickpea
Penoxsulam 2.67% OD,Chilli
Penoxsulam 2.67% OD,Cluster bean
Penoxsulam 2.67% OD,Rice
Penoxsulam 2.67% OD,Rice (Direct
Penoxsulam 2.67% OD,Rice)
Penoxsulam 2.67% OD,Seeded Rice)
Penoxsulam 2.67% OD,Sesamum
Penoxsulam 2.67% OD,Soybean
Permethrin 2% w/w Aerosol (To be used in Aircraft only),Ready to use household insecticides
Permethrin 2% w/w Aerosol (To be used in Aircraft only),Ready to use insecticides
Permethrin 25 % EC,Cotton
Phenthoate 02 % DP,Safflower
Phenthoate 02 % DP,Sorghum
Phenthoate 35% + Emamectin benzoate 3.5% w/w EC,Chilli
Phenthoate 35% + Emamectin benzoate 3.5% w/w EC,Sugarcane
Phenthoate 45% + Cypermethrin 6% EC,Cabbage
Phenthoate 45% + Cypermethrin 6% EC,Paddy
Phenthoate 50 % EC,Ground nut
Phenthoate 50 % EC,Paddy (Rice)
Phosalone 04 % DP,Sorghum
Phosalone 35 % EC,Barely
Phosalone 35 % EC,Brinjal
Phosalone 35 % EC,Cabbage
Phosalone 35 % EC,Jute
Phosalone 35 % EC,Sorghum
Phosalone 35 % EC,Tea
Phosalone 35 % EC,Tomato
Phosmet 50% WP,Apple
Phosmet 50% WP,Chilli
Phosmet 50% WP,Cotton
Phosmet 50% WP,Rice
Picarbutrazox 9.53% w/w SC,Cotton
Picarbutrazox 9.53% w/w SC,Grape
Picarbutrazox 9.53% w/w SC,Potato
Picarbutrazox 9.53% w/w SC,Tomato
Pirimiphos methyl 50 % EC,"Location
Name of the pest"
Pirimiphos methyl 50 % EC,"Mosquito
Mosquito"
Pirimiphos methyl 50 % EC,breeding
Pirimiphos methyl 50 % EC,larvae
Pirimiphos methyl 50 % EC,surface
Pirimiphos-methyl 01 % Spray,Location
Pirimiphos-methyl 01 % Spray,Space spray inhouses
Pirimiphos-methyl 01 % Spray,Spot spray inhouses
Pretilachlor 27.4% w/w + Florpyrauxifen-benzyl 0.91% w/w EC,Direct
Pretilachlor 27.4% w/w + Florpyrauxifen-benzyl 0.91% w/w EC,Rice
Pretilachlor 27.4% w/w + Florpyrauxifen-benzyl 0.91% w/w EC,Seeded Rice
Pretilachlor 27.4% w/w + Florpyrauxifen-benzyl 0.91% w/w EC,Transplanted
Pretilachlor 30.0% + Pyrazosulfuron Ethyl 0.75% WG,Paddy (Direct
Pretilachlor 30.0% + Pyrazosulfuron Ethyl 0.75% WG,seeded Rice)
Pretilachlor 30.2% w/w + Florpyrauxifen-benzyl 1.01% w/w EW,Transplanted rice
Pretilachlor 6.0% +Pyrazosulfuron Ethyl 0.15% GR,Paddy
Pretilachlor 6.0% +Pyrazosulfuron Ethyl 0.15% GR,Transplanted
Profenofos 40 % + Cypermethrin 04 % EC,Cotton
Profenofos 40 % + Cypermethrin 04 % EC,Sugarcane
Profenofos 40 % + Fenpyroximate 02.50 % w/w EC,Brinjal
Profenofos 40 % + Fenpyroximate 02.50 % w/w EC,Chilli
Profenofos 40 % + Fenpyroximate 02.50 % w/w EC,Cotton
Profenofos 50 % EC,Chilli
Profenofos 50 % EC,Cotton
Profenofos 50 % EC,Onion
Profenofos 50 % EC,Soybean
Profenofos 50% + Fenpropathrin 5% EC,Chilli
Profenofos 50% + Fenpropathrin 5% EC,Cotton
Propanil 35% EC,Cotton
Propanil 35% EC,Rice
Propanil 35% EC,Transplanted
Propaquizafop 2.5% + Imazethapyr 3.75% w/w ME,Blackgram
Propaquizafop 2.5% + Imazethapyr 3.75% w/w ME,Clusterbean
Propaquizafop 2.5% + Imazethapyr 3.75% w/w ME,Groundnut
Propaquizafop 2.5% + Imazethapyr 3.75% w/w ME,Soybean
Propaquizafop 5% + Oxyfluorfen 12% w/w EC,Onion
Propaquizafop 5% + Oxyfluorfen 12% w/w EC,Rice
Propaquizafop 5% + Oxyfluorfen 12% w/w EC,Transplanted
Propargite 57 % EC,Apple
Propargite 57 % EC,Brinjal
Propargite 57 % EC,Chilli
Propargite 57 % EC,Mango
Propargite 57 % EC,Onion
Propargite 57 % EC,Paddy (Rice)
Propargite 57 % EC,Tea
Propetamphos 01 % Spray,Ready to use household insecticide
Propiconazole 10% + Thiophanate-Methyl 42% WP,Wheat
Propineb 70%WP,Apple
Propineb 70%WP,Banana
Propineb 70%WP,Chilli
Propineb 70%WP,Corn
Propineb 70%WP,Cotton
Propineb 70%WP,Groundnut
Propineb 70%WP,Paddy (Rice)
Propineb 70%WP,Pomegranate
Propineb 70%WP,Potato
Propineb 70%WP,Soybean
Propineb 70%WP,Tomato
Propineb 70.0% + Cymoxanil 6.0% WP,Black gram
Propineb 70.0% + Cymoxanil 6.0% WP,Grape
Propineb 70.0% + Cymoxanil 6.0% WP,Mango
Propineb 70.0% + Cymoxanil 6.0% WP,P
Propineb 70.0% + Cymoxanil 6.0% WP,Soybean
Propineb 70.0% + Cymoxanil 6.0% WP,addy  (Rice)
Propoxur 20 % EC,"Mite, Silver fish,"
Propoxur 20 % EC,"Spider, Ants etc."
Pydiflumetofen 13.6%w/w + Propiconazole 11.4% w/w SE,Cotton
Pydiflumetofen 13.6%w/w + Propiconazole 11.4% w/w SE,Soybean
Pydiflumetofen 13.6%w/w + Propiconazole 11.4% w/w SE,Wheat
Pydiflumetofen 6.89% + Difenoconazole 11.49% w/w SC,Banana
Pydiflumetofen 6.89% + Difenoconazole 11.49% w/w SC,Chilli
Pydiflumetofen 6.89% + Difenoconazole 11.49% w/w SC,Coffee
Pydiflumetofen 6.89% + Difenoconazole 11.49% w/w SC,Cumin
Pydiflumetofen 6.89% + Difenoconazole 11.49% w/w SC,Grape
Pydiflumetofen 6.89% + Difenoconazole 11.49% w/w SC,Groundnut
Pydiflumetofen 6.89% + Difenoconazole 11.49% w/w SC,Maize
Pydiflumetofen 6.89% + Difenoconazole 11.49% w/w SC,Paddy
Pydiflumetofen 6.89% + Difenoconazole 11.49% w/w SC,Rice
Pydiflumetofen 6.89% + Difenoconazole 11.49% w/w SC,Soybean
Pydiflumetofen 6.89% + Difenoconazole 11.49% w/w SC,Tomato
Pydiflumetofen 6.89% + Difenoconazole 11.49% w/w SC,Wheat
Pymetrozine 11.3% w/w + Triflumezopyrim 1.9% w/w SC,Paddy
Pymetrozine 11.3% w/w + Triflumezopyrim 1.9% w/w SC,Rice
Pymetrozine 14.8% + Fipronil 7.5% + Dinotefuran 4.8% w/w SC,Paddy
Pymetrozine 14.8% + Fipronil 7.5% + Dinotefuran 4.8% w/w SC,Rice
Pymetrozine 25.0% + Thiamethoxam 17.5% + Hexaconazole 12.5% WG,Paddy
Pymetrozine 29.2 % + Dinotefuran 11.7 % w/w WDG,Brinjal
Pymetrozine 29.2 % + Dinotefuran 11.7 % w/w WDG,Rice
Pymetrozine 30% + Dinotefuran 10% + Pyraclostrobin 20% WG,Paddy
Pymetrozine 30.0% + Tebuconazole 37.0% WG,Paddy
Pyraclostrobin 10% + Fipronil 5% w/v SC,Chilli
Pyraclostrobin 10% + Fipronil 5% w/v SC,Rice
Pyraclostrobin 10% + Thifluzamide 10% w/v SC,Groundnut
Pyraclostrobin 10% + Thifluzamide 10% w/v SC,Rice
Pyraclostrobin 10% + Thifluzamide 10% w/v SC,Tomato
Pyraclostrobin 3.5% + Thiram 15.0% + Clothianidin 22.5% FS,(Seed
Pyraclostrobin 3.5% + Thiram 15.0% + Clothianidin 22.5% FS,Ground nut
Pyraclostrobin 3.5% + Thiram 15.0% + Clothianidin 22.5% FS,Treatment)
Pyridaben 20 % w/w WP,Apple
Pyridaben 20 % w/w WP,Brinjal
Pyridaben 20 % w/w WP,Chilli
Pyridaben 20 % w/w WP,Cotton
Pyridaben 20 % w/w WP,Tea
Pyridalyl 10 % EC,Cabbage
Pyridalyl 10 % EC,Cotton
Pyridalyl 10 % EC,Maize
Pyridalyl 10 % EC,Okra
Pyrifluinazon 20% WG,Cotton
Pyriofenone 18 % w/v SC,Grape
Pyriproxyfen 00.50 % GR,Breeding habitats
Pyriproxyfen 00.50 % GR,Clean water/Domestic containers
Pyriproxyfen 00.50 % GR,Polluted/ Peri-domestic breeding habitat
Pyriproxyfen 00.50 % GR,"surface water
Anopheles subpictus"
Pyriproxyfen 05 % + Diafenthiuron 25 % SE,Chilli
Pyriproxyfen 05 % + Diafenthiuron 25 % SE,Cotton
Pyriproxyfen 05 % + Fenpropathrin 15 % EC,Brinjal
Pyriproxyfen 05 % + Fenpropathrin 15 % EC,Chilli
Pyriproxyfen 05 % + Fenpropathrin 15 % EC,Cotton
Pyriproxyfen 05 % + Fenpropathrin 15 % EC,Okra (Bhindi)
Pyriproxyfen 05 % + Fenpropathrin 15 % EC,Treatment)
Pyriproxyfen 10 % EC,Brinjal
Pyriproxyfen 10 % EC,Chilli
Pyriproxyfen 10 % EC,Cotton
Pyriproxyfen 10 % EC,Okra
Pyriproxyfen 10% EW,Cotton
Pyriproxyfen 10% EW,Okra
Pyrithiobac Sodium 3.1 % w /w + Pendimethalin 34.0 % w/w ZC,Cotton
Pyrithiobac Sodium 4.5 w/w % + Glyphosate 60% w/w SG,Non crop area
Pyrithiobac Sodium 6% w/w+ Quizalofop-ethyl 4% w/w EC,Cotton
Quinalphos 01.50 % DP,Apple
Quinalphos 01.50 % DP,Banana
Quinalphos 01.50 % DP,Bhindi (Okra)
Quinalphos 01.50 % DP,Cauliflower
Quinalphos 01.50 % DP,Chilli
Quinalphos 01.50 % DP,Citrus
Quinalphos 01.50 % DP,Cotton
Quinalphos 01.50 % DP,French bean
Quinalphos 01.50 % DP,Gram
Quinalphos 01.50 % DP,Ground nut
Quinalphos 01.50 % DP,Paddy (Rice)
Quinalphos 01.50 % DP,Pomegranate
Quinalphos 01.50 % DP,Red gram
Quinalphos 01.50 % DP,Safflower
Quinalphos 01.50 % DP,Soybean
Quinalphos 01.50 % DP,Tea
Quinalphos 01.50 % DP,Tomato
Quinalphos 05 % Granules,Paddy (Rice)
Quinalphos 20 % AF,Cotton
Quinalphos 20 % AF,Groundnut
Quinalphos 20 % AF,Okra (Bhindi)
Quinalphos 20 % AF,Pigeon pea
Quinalphos 20 % AF,Rice (Paddy)
Quinalphos 20 % AF,Tea
Quinalphos 20 % AF,Tomato
Quinalphos 25 % EC,Apple
Quinalphos 25 % EC,Banana
Quinalphos 25 % EC,Bengal gram
Quinalphos 25 % EC,Bhindi (Okra)
Quinalphos 25 % EC,Black gram
Quinalphos 25 % EC,Cauliflower
Quinalphos 25 % EC,Chilli
Quinalphos 25 % EC,Citrus
Quinalphos 25 % EC,French bean
Quinalphos 25 % EC,Groundnut
Quinalphos 25 % EC,Mustard
Quinalphos 25 % EC,Paddy (Rice)
Quinalphos 25 % EC,Pomegranate
Quinalphos 25 % EC,Red gram
Quinalphos 25 % EC,Sesamum
Quinalphos 25 % EC,Soybean
Quinalphos 25 % EC,Tea
Quinalphos 25 % EC,Tomato
Quinalphos 25 % EC,Wheat
Quinalphos 25 % Gel,Chilli
Quinalphos 25 % Gel,Paddy (Rice)
Quinclorac 250g/l SC,Rice
Quizalofop Ethyl 10% EC + Chlorimuron Ethyl 25% WP + Surfactant (0.2) (Herbicide) (Twin pack),Soyabean
Quizalofop ethyl 4% + Oxyfluorfen 6% EC,Onion
Quizalofop ethyl 7.5% + Imazethapyr 15% w/w EC,Black gram
Quizalofop ethyl 7.5% + Imazethapyr 15% w/w EC,Green gram
Quizalofop ethyl 7.5% + Imazethapyr 15% w/w EC,Groundnut
Quizalofop-ethyl 10% EC,Soyabean
Quizalofop-ethyl 10% EC,Soybean
Quizalofop-ethyl 5% EC,Black gram
Quizalofop-ethyl 5% EC,Cotton
Quizalofop-ethyl 5% EC,Groundnut
Quizalofop-ethyl 5% EC,Onion
Quizalofop-ethyl 5% EC,Rice
Quizalofop-ethyl 5% EC,Soybean
S-Bioallethrin 02.40 % Mosquitoes Mat,Ready to use household insecticide.
SPINOSAD 7.48% w/w TABLET,Domestic clean / potable
SPINOSAD 7.48% w/w TABLET,Regime of application
SPINOSAD 7.48% w/w TABLET,"cement tanks, barrels,"
SPINOSAD 7.48% w/w TABLET,containers
SPINOSAD 7.48% w/w TABLET,"containers, plastic barrels,"
SPINOSAD 7.48% w/w TABLET,"earthen pots, plastic"
SPINOSAD 7.48% w/w TABLET,overhead tanks and plastic
SPINOSAD 7.48% w/w TABLET,"waters, Clean water"
Saflufenacil 70.0% w/w WG,Areas
Saflufenacil 70.0% w/w WG,Tea
Sedaxane 12.61% w/w + Azoxystrobin 3.15% w/w + Thiamethoxam 22.06% w/w,Chickpea
Sedaxane 12.61% w/w + Azoxystrobin 3.15% w/w + Thiamethoxam 22.06% w/w,Chilli
Sedaxane 12.61% w/w + Azoxystrobin 3.15% w/w + Thiamethoxam 22.06% w/w,Cotton
Sedaxane 12.61% w/w + Azoxystrobin 3.15% w/w + Thiamethoxam 22.06% w/w,Grape
Sedaxane 12.61% w/w + Azoxystrobin 3.15% w/w + Thiamethoxam 22.06% w/w,Groundnut
Sedaxane 12.61% w/w + Azoxystrobin 3.15% w/w + Thiamethoxam 22.06% w/w,Potato
Sedaxane 12.61% w/w + Azoxystrobin 3.15% w/w + Thiamethoxam 22.06% w/w,Rice
Sedaxane 12.61% w/w + Azoxystrobin 3.15% w/w + Thiamethoxam 22.06% w/w,Soybean
Sedaxane 12.61% w/w + Azoxystrobin 3.15% w/w + Thiamethoxam 22.06% w/w,Wheat
Spinetoram 0.1% w/w RB,Maize
Spinetoram 11.70 % SC,Brinjal
Spinetoram 11.70 % SC,Chickpea
Spinetoram 11.70 % SC,Chilli
Spinetoram 11.70 % SC,Cotton
Spinetoram 11.70 % SC,Grapes
Spinetoram 11.70 % SC,Maize
Spinetoram 11.70 % SC,Mango
Spinetoram 11.70 % SC,Okra
Spinetoram 11.70 % SC,Red gram
Spinetoram 11.70 % SC,Rice
Spinetoram 11.70 % SC,Soybean
Spinetoram 11.70 % SC,Tomato
Spinetoram 5.66% + Methoxyfenozide 28.3% w/w SC,Blackgram
Spinetoram 5.66% + Methoxyfenozide 28.3% w/w SC,Cabbage
Spinetoram 5.66% + Methoxyfenozide 28.3% w/w SC,Cauliflower
Spinetoram 5.66% + Methoxyfenozide 28.3% w/w SC,Chilli
Spinetoram 5.66% + Methoxyfenozide 28.3% w/w SC,Rice
Spinosad 02.50 % SC,Cabbage &
Spinosad 02.50 % SC,Cauliflower
Spinosad 2.50% w/w GR,"Clean water containers,"
Spinosad 2.50% w/w GR,"Polluted water stagnant,"
Spinosad 2.50% w/w GR,and waste water drains
Spinosad 2.50% w/w GR,containers
Spinosad 2.50% w/w GR,drains cement lined âUâ
Spinosad 2.50% w/w GR,"plastic barrels, cement"
Spinosad 2.50% w/w GR,"pots, plastic overhead"
Spinosad 2.50% w/w GR,running / stagnant drains
Spinosad 2.50% w/w GR,"shaped drains, slow"
Spinosad 2.50% w/w GR,"tanks, and plastic"
Spinosad 2.50% w/w GR,"tanks, barrels, earthen"
Spinosad 20.62% w/w EC,Culex
Spinosad 20.62% w/w EC,"Polluted water stagnant,"
Spinosad 20.62% w/w EC,"Regime of application
Target Pests"
Spinosad 20.62% w/w EC,containers
Spinosad 20.62% w/w EC,drains cement lined âUâ
Spinosad 20.62% w/w EC,"pots, plastic overhead"
Spinosad 20.62% w/w EC,quinquefasciatus
Spinosad 20.62% w/w EC,"shaped drains, slow"
Spinosad 20.62% w/w EC,surface
Spinosad 20.62% w/w EC,"tanks, and plastic"
Spinosad 45 % SC,Brinjal
Spinosad 45 % SC,Chilli
Spinosad 45 % SC,Cotton
Spinosad 45 % SC,Grapes
Spinosad 45 % SC,Red gram
Spiromesifen 15% + Hexythiazox 2.2 % + Abamectin 1.15 % w/ SC,Blackgram
Spiromesifen 15% + Hexythiazox 2.2 % + Abamectin 1.15 % w/ SC,Chilli
Spiromesifen 22.90 % SC,Apple
Spiromesifen 22.90 % SC,Brinjal
Spiromesifen 22.90 % SC,Chilli
Spiromesifen 22.90 % SC,Cotton
Spiromesifen 22.90 % SC,Okra (Bhindi)
Spiromesifen 22.90 % SC,Tea
Spiromesifen 22.90 % SC,Tomato
Spiropidon 30% w/w + Acetamiprid 24% w/w WG,Cotton
Spiropidon 30% w/w + Acetamiprid 24% w/w WG,Grapes
Spiropidon 30% w/w + Acetamiprid 24% w/w WG,Paddy
Spiropidon 30% w/w + Acetamiprid 24% w/w WG,Tomato
Spirotetramat 11.01 % + Imidacloprid 11.01 % w/w SC,Brinjal
Spirotetramat 11.01 % + Imidacloprid 11.01 % w/w SC,Grapes
Spirotetramat 11.01 % + Imidacloprid 11.01 % w/w SC,Okra (Bhindi)
Spirotetramat 15.31 % w/w OD,Cabbage
Spirotetramat 15.31 % w/w OD,Chilli
Spirotetramat 15.31 % w/w OD,Citrus
Spirotetramat 15.31 % w/w OD,Cotton
Spirotetramat 15.31 % w/w OD,Grapes
Spirotetramat 15.31 % w/w OD,Okra
Sulfentrazone 19% + Pretilachlor 28.5% w/w SE,Rice
Sulfentrazone 19% + Pretilachlor 28.5% w/w SE,Transplanted
Sulfentrazone 28% + Clomazone 30% WP,Soybean
Sulfentrazone 28% + Clomazone 30% WP,Sugarcane
Sulfentrazone 39.6% w/w SC,Soybean
Sulfentrazone 39.6% w/w SC,Sugarcane
Sulfosulfuran 75%+ Metsulfuron Methyl 5%WG,Wheat
Sulfosulfuron 75% WG,Wheat
Sulfoxaflor 21.8 % w/w SC,Cabbage
Sulfoxaflor 21.8 % w/w SC,Cotton
Sulphur 80% WP,Apple
Sulphur 80% WP,Chillies &
Sulphur 80% WP,Citrus
Sulphur 80% WP,"Cowpea,"
Sulphur 80% WP,Grapes
Sulphur 80% WP,Groundnut
Sulphur 80% WP,Mango
Sulphur 80% WP,Moong/Urid
Sulphur 80% WP,Okra
Sulphur 80% WP,Pea
Sulphur 80% WP,Sorghum
Sulphur 80%WG,Apple
Sulphur 80%WG,Chilli
Sulphur 80%WG,"Cowpea,"
Sulphur 80%WG,Cumin
Sulphur 80%WG,Grapes
Sulphur 80%WG,"Guar, Pea"
Sulphur 80%WG,Mango
Sulphur 80%WG,Wheat
Sulphur 85% DP,Groundnut
Sulphur40%SC,Beans
Sulphur40%SC,Cumin
Sulphur40%SC,Grapes
Sulphur40%SC,Groundnut
Sulphur40%SC,Mango
Sulphur40%SC,Opium
Sulphur40%SC,Peas
Sulphur40%SC,Roses
TOLFENPYRAD 15% + BIFENTHRIN 7.5% SE,Cotton
TOLFENPYRAD 15% + BIFENTHRIN 7.5% SE,Paddy
TOLFENPYRAD 15% + BIFENTHRIN 7.5% SE,Transplanted
Tebuconazole 25.9%EC,Apple
Tebuconazole 25.9%EC,Cabbage
Tebuconazole 25.9%EC,Chilli
Tebuconazole 25.9%EC,Coffee
Tebuconazole 25.9%EC,Grape
Tebuconazole 25.9%EC,Groundnut
Tebuconazole 25.9%EC,Onion
Tebuconazole 25.9%EC,Pomegranate
Tebuconazole 25.9%EC,Rice
Tebuconazole 25.9%EC,Soybean
Tebuconazole 25.9%EC,Tomato
Tebuconazole 25.9%EC,Wheat
Tebuconazole 5.36% FS,Wheat
Tebuconazole 5.4% w/w FS,Chickpea
Tebuconazole 5.4% w/w FS,Groundnut
Tebuconazole 5.4% w/w FS,Wheat
Tebufenpyrad 20% WP,Cotton
Tebufenpyrad 20% WP,Tea
Tebufenpyrad 20% WP,Tomato
Tembotrione 34.4% SC,Maize
Tembotrione 34.4% SC,Tea
Tembotrione 34.4% SC,Wheat
Tembotrione 9% + Atrazine 45% WG,Maize
Temephos 1% granules,Cyclops Sp
Temephos 1% granules,"Ponds, Step wells"
Temephos 50 % EC,Breeding
Temephos 50 % EC,Mosquito
Temephos 50 % EC,Mosquitoes larvae
Temephos 50 % EC,"Ponds, Step wells"
Temephos 50 % EC,Regime of
Temephos 50 % EC,"and other,"
Temephos 50 % EC,application
Temephos 50 % EC,areas.
Temephos 50 % EC,"ditches,canals"
Temephos 50 % EC,"drainage,"
Temephos 50 % EC,larval
Temephos 50 % EC,"ponds,"
Temephos 50 % EC,"swamps,"
Temephos 50 % EC,"treatment area,"
Tetraconazole 3.8% w/w EW,Cotton
Tetraconazole 3.8% w/w EW,Grape
Tetraconazole 3.8% w/w EW,Mango
Tetraconazole 3.8% w/w EW,Tea
Tetraconazole 3.8% w/w EW,Watermelon
Tetraniliprole 0.4 % w/w + Fipronil 0.6 % w/w GR,Brinjal
Tetraniliprole 0.4 % w/w + Fipronil 0.6 % w/w GR,Cabbage
Tetraniliprole 0.4 % w/w + Fipronil 0.6 % w/w GR,Chilli
Tetraniliprole 0.4 % w/w + Fipronil 0.6 % w/w GR,Okra
Tetraniliprole 0.4 % w/w + Fipronil 0.6 % w/w GR,Paddy
Tetraniliprole 0.4 % w/w + Fipronil 0.6 % w/w GR,Rice
Tetraniliprole 0.4 % w/w + Fipronil 0.6 % w/w GR,Sugarcane
Tetraniliprole 0.4 % w/w + Fipronil 0.6 % w/w GR,Tea
Tetraniliprole 0.4 % w/w + Fipronil 0.6 % w/w GR,Tomato
Tetraniliprole 18.18% w/w SC,Rice
Tetraniliprole 18.18% w/w SC,Soybean
Tetraniliprole 18.18% w/w SC,Tomato
Tetraniliprole 40.34% FS,Maize
Tetraniliprole 40.34% FS,Rice
Thiacloprid 21.70 % SC,Cotton
Thiacloprid 21.70 % SC,Paddy (Rice)
Thiacloprid 21.70 % SC,Rice
Thiamethoxam 0.4% + Bifenthrin 0.8% GR,Groundnut
Thiamethoxam 00.01 % w/w Gel Bait,(Camponotus spp.)
Thiamethoxam 00.01 % w/w Gel Bait,Black Carpenter Ants
Thiamethoxam 00.01 % w/w Gel Bait,Insect/Pest
Thiamethoxam 00.01 % w/w Gel Bait,No.
Thiamethoxam 00.01 % w/w Gel Bait,meter)
Thiamethoxam 00.01 % w/w Gel Bait,spotsper
Thiamethoxam 00.01 % w/w Gel Bait,square
Thiamethoxam 00.90 % + Fipronil 00.20 % w/w GR,Ground nut
Thiamethoxam 00.90 % + Fipronil 00.20 % w/w GR,Sugarcane
Thiamethoxam 1.2% W/W G.R,Apple
Thiamethoxam 1.2% W/W G.R,Brinjal
Thiamethoxam 1.2% W/W G.R,Chilli
Thiamethoxam 1.2% W/W G.R,Groundnut
Thiamethoxam 1.2% W/W G.R,Rice
Thiamethoxam 1.2% W/W G.R,Soybean
Thiamethoxam 1.2% W/W G.R,Sugarcane
Thiamethoxam 1.2% W/W G.R,Tea
Thiamethoxam 1.25% + Fipronil 1.25% + Chlorantraniliprole 0.60% w/w GR,Paddy (Rice)
Thiamethoxam 1.25% + Fipronil 1.25% + Chlorantraniliprole 0.60% w/w GR,Sugarcane
Thiamethoxam 30 % FS,Chilli
Thiamethoxam 30 % FS,Cotton
Thiamethoxam 30 % FS,Groundnut
Thiamethoxam 30 % FS,Maize
Thiamethoxam 30 % FS,Okra (Bhindi)
Thiamethoxam 30 % FS,Rice (Paddy)
Thiamethoxam 30 % FS,Sorghum
Thiamethoxam 30 % FS,Soybean
Thiamethoxam 30 % FS,Sunflower
Thiamethoxam 30 % FS,Tomato
Thiamethoxam 30 % FS,Wheat
Thiamethoxam 75 % w/w SG,Brinjal
Thiamethoxam 75 % w/w SG,Foliar application
Thiamethoxam 75 % w/w SG,Groundnut
Thiamethoxam 75 % w/w SG,Rice (Paddy)
Thiamethoxam 75 % w/w SG,Sugarcane
Thiamethoxam 75 % w/w SG,Tea
Thifluzamide 15% +  Difenoconazole 20% SC,Paddy
Thifluzamide24%SC,Potato
Thifluzamide24%SC,Rice (Paddy)
Thifluzamide24%SC,Tomato
Thiocyclam Hydrogen Oxalate 3.0% + Clothianidin 1.2% GR,Paddy
Thiocyclam Hydrogen Oxalate 3.0% + Clothianidin 1.2% GR,Paddy (Rice)
Thiocyclam Hydrogen Oxalate 50% SP,Rice
Thiodicarb 75 % WP,Black gram
Thiodicarb 75 % WP,Brinjal
Thiodicarb 75 % WP,Cabbage
Thiodicarb 75 % WP,Chilli
Thiodicarb 75 % WP,Cotton
Thiodicarb 75 % WP,Pigeon Pea
Thiophanate Methyl 70%WP,Apple
Thiophanate Methyl 70%WP,Bottle gourd
Thiophanate Methyl 70%WP,Cotton
Thiophanate Methyl 70%WP,Grapes
Thiophanate Methyl 70%WP,Papaya
Thiophanate Methyl 70%WP,Rice
Thiophanate Methyl 70%WP,Tomato
Thiophanatemethyl70%WG,Bottle gourd
Thiophanatemethyl70%WG,Chilli
Thiophanatemethyl70%WG,Groundnut
Thiophanatemethyl70%WG,Paddy
Thiram 40% FS,&cotton
Thiram 40% FS,Chilli
Thiram 40% FS,Rice (Paddy)
Tolfenpyrad 18.75% + Emamectin Benzoate 0.94% SC,Brinjal
Tolfenpyrad 18.75% + Emamectin Benzoate 0.94% SC,Cauliflower
Tolfenpyrad 18.75% + Emamectin Benzoate 0.94% SC,Paddy
Tolfenpyrad 30 % + Pyriproxyfen 10 % + Acetamiprid 4% w/w EC,Brinjal
Tolfenpyrad 30 % + Pyriproxyfen 10 % + Acetamiprid 4% w/w EC,Chilli
Topramezone 10 g/l + Atrazine 300 g/l SC,Maize
Topramezone 10 g/l + Atrazine 300 g/l SC,Sugarcane
Topramezone 32 g/l + Dimethenamid-p 538 g/l EC,Maize
Triadimefon 25% WP,&cotton
Triadimefon 25% WP,Barley
Triadimefon 25% WP,Chilli
Triadimefon 25% WP,Cucumber
Triadimefon 25% WP,Grapes
Triadimefon 25% WP,Maize
Triadimefon 25% WP,Pea
Triadimefon 25% WP,Potato
Triadimefon 25% WP,Rice (Paddy)
Triadimefon 25% WP,Sorghum
Triadimefon 25% WP,Wheat
Triafamone 18.52% w/w SC,HERBICIDE COMBINATIONS
Triafamone 18.52% w/w SC,Rice
Triafamone 18.52% w/w SC,Transplanted
Triafamone 20% + Ethoxysulfuron l0% WG,Direct Seeded
Triafamone 20% + Ethoxysulfuron l0% WG,Rice
Triafamone 20% + Ethoxysulfuron l0% WG,Transplanted
Tricyclazole75%WP,Paddy (Rice)
Triflumezopyrim 10% w/w + Spinetoram 12% w/w WG,Paddy
Triflumezopyrim 10% w/w + Spinetoram 12% w/w WG,Pest
Triflumezopyrim 10% w/w SC,Mango
Triflumezopyrim 10% w/w SC,Paddy
Triflumezopyrim 20% w/w WG,Mango
Triflumezopyrim 20% w/w WG,Rice
Triflumezopyrim 4.79% + Spinetoram 8.62% w/w SC,Chilli
Triflumezopyrim 4.79% + Spinetoram 8.62% w/w SC,Paddy
Validamycin3%L,Brinjal
Validamycin3%L,Chilli
Validamycin3%L,Cucurbits
Validamycin3%L,Maize
Validamycin3%L,Onion
Validamycin3%L,Potato
Validamycin3%L,Ragi
Validamycin3%L,Rice (Paddy)
Validamycin3%L,Tobacco
Validamycin3%L,Tomato
Validamycin5%+Tebuconazole15%SC,Paddy
Validamycin5%+Tebuconazole15%SC,Rice
Valifenalate 6% + Mancozeb 60% WG,Cucumber
Valifenalate 6% + Mancozeb 60% WG,Grape
Valifenalate 6% + Mancozeb 60% WG,Potato
Valifenalate 6% + Mancozeb 60% WG,Tomato
Valifenalate 6% + Mancozeb 60% WG,cause resetting.
Valifenalate 6% + Mancozeb 60% WG,seeds at the time of sowing
Valifenalate 6% + Mancozeb 60% WG,volume of spray solution required per tree.
Valifenalate 6% + Mancozeb 60% WG,where only the enlisted diseases are predominant.
Zinc Phosphide 80 % Powder,For rodent control
Zinc Phosphide 80 % Powder,in field and
Zinc Phosphide 80 % Powder,premises(to be
Zinc Phosphide 80 % Powder,residential
Zinc Phosphide 80 % Powder,supervision of
Zinc Phosphide 80 % Powder,trained personal)
Zinc Phosphide 80 % Powder,used under the
Zineb 75%WP,Apple
Zineb 75%WP,Brinjal
Zineb 75%WP,Cauliflower
Zineb 75%WP,Cherries
Zineb 75%WP,Chilli
Zineb 75%WP,Citrus
Zineb 75%WP,Cucurbits
Zineb 75%WP,Cumin
Zineb 75%WP,Grapes
Zineb 75%WP,Guava
Zineb 75%WP,Jowar
Zineb 75%WP,Maize
Zineb 75%WP,Onion
Zineb 75%WP,Paddy (Rice)
Zineb 75%WP,Potato
Zineb 75%WP,Ragi
Zineb 75%WP,Tobacco
Zineb 75%WP,Tomato
Zineb 75%WP,Wheat
Ziram 80%WP,Apple
Ziram 80%WP,Grape
Ziram 80%WP,Potato
Ziram 80%WP,Tomato
